Workbook

Sheet Legend
A1: 2026 Draft Cheat Sheet — Three-Source Consensus
A2: Blends Hayden Winks and Josh Norris (Yahoo Sports, Aug 12 2026) with the FantasyPros Expert Consensus Ranking (Aug 25 2026, 111 experts half-PPR / 108 PPR).
A3: Half PPR and Full PPR are separate boards. FantasyPros is capped at its top 300; anyone it ranks below that is treated as omitted.
A5: WHICH CELLS YOU EDIT
A6: Two columns are yours: Drafted and Notes. The weights and penalties below are also editable. Everything else recalculates — but the rows will not resort themselves, so use the header filters to sort by Avg after changing a weight.
A7: Drafted | B7: Pick ME or TAKEN from the dropdown. Rows turn green or grey out.
A8: Notes | B8: Your own reads — injury notes, 'do not draft', target round.
A10: EXAMPLE OF A FILLED ROW
A11: Rank | B11: Tier | C11: PosTier | D11: Player | E11: Pos | F11: PosRank | G11: Team | H11: Avg | I11: Winks | J11: Norris | K11: FantasyPros | L11: Range | M11: Drafted | N11: Notes
A12: 19 | B12: 7 | C12: 4 | D12: Omarion Hampton | E12: RB | F12: 9 | G12: LAC | H12: 19 | I12: 24 | J12: 15 | K12: 19 | L12: 9 | M12: ME | N12: volume is there, line is shaky
A14: COLUMN MEANINGS
A15: Tier | B15: Overall tier. A break means a real drop-off in consensus value.
A16: PosTier | B16: Tier within the position — the one to use mid-draft. It tells you how many comparable players remain at that spot.
A17: Avg | B17: Weighted average of the three sources. Formula — driven by the weights and penalties below.
A18: Winks / Norris / FantasyPros | B18: Each source's own rank. Blank means that source left the player off (or ranked them past FantasyPros' top 300).
A19: Range | B19: Highest minus lowest rank across the sources. A big number means they genuinely disagree and the pick is a judgment call.
A21: WEIGHTS
A22: FantasyPros ECR is itself an average of 100+ experts, so weighting it equal to one analyst would understate the market. It is set to double. Change these to shift the blend — set FantasyPros to 1 to treat all three as equal opinions.
A23: Winks weight | B23: 1
A24: Norris weight | B24: 1
A25: FantasyPros weight | B25: 2
A27: OMISSION PENALTIES
A28: When a source leaves a player off entirely, that counts as a rank just past the end of their list rather than being ignored — being omitted from a board is information. These update from the actual list sizes on every rebuild.
A29: Half PPR — Winks | B29: 315 | C29: list is 300 deep
A30: Half PPR — Norris | B30: 321 | C30: list is 306 deep
A31: Half PPR — FantasyPros | B31: 315 | C31: list is 300 deep
A32: Full PPR — Winks | B32: 316 | C32: list is 301 deep
A33: Full PPR — Norris | B33: 317 | C33: list is 302 deep
A34: Full PPR — FantasyPros | B34: 315 | C34: list is 300 deep
A36: Blue on yellow are hard-coded inputs you can change. Black is a formula.
A37: Your no-kicker league: the extra flex makes RB/WR depth matter more than the K column. Filter by Pos and work past RB60 / WR72.

Sheet Half PPR
A1: Half PPR — Winks + Norris + FantasyPros consensus
A2: Filter with the header arrows. Set Drafted to dim a row. A shaded Range means the sources disagree by 40 or more.
A4: Rank | B4: Tier | C4: PosTier | D4: Player | E4: Pos | F4: PosRank | G4: Team | H4: Avg | I4: Winks | J4: Norris | K4: FantasyPros | L4: Range | M4: Drafted | N4: Notes
A5: 1 | B5: 1 | C5: 1 | D5: Jahmyr Gibbs | E5: RB | F5: 1 | G5: DET | H5: =(IF(I5="",Legend!$B$29,I5)*Legend!$B$23+IF(J5="",Legend!$B$30,J5)*Legend!$B$24+IF(K5="",Legend!$B$31,K5)*Legend!$B$25)/(Legend!$B$23+Legend!$B$24+Legend!$B$25) | I5: 1 | J5: 1 | K5: 1 | L5: =IF(COUNT(I5:K5)<2,"",MAX(I5:K5)-MIN(I5:K5))
A6: 2 | B6: 1 | C6: 1 | D6: Bijan Robinson | E6: RB | F6: 2 | G6: ATL | H6: =(IF(I6="",Legend!$B$29,I6)*Legend!$B$23+IF(J6="",Legend!$B$30,J6)*Legend!$B$24+IF(K6="",Legend!$B$31,K6)*Legend!$B$25)/(Legend!$B$23+Legend!$B$24+Legend!$B$25) | I6: 2 | J6: 2 | K6: 2 | L6: =IF(COUNT(I6:K6)<2,"",MAX(I6:K6)-MIN(I6:K6))
A7: 3 | B7: 1 | C7: 1 | D7: Ja'Marr Chase | E7: WR | F7: 1 | G7: CIN | H7: =(IF(I7="",Legend!$B$29,I7)*Legend!$B$23+IF(J7="",Legend!$B$30,J7)*Legend!$B$24+IF(K7="",Legend!$B$31,K7)*Legend!$B$25)/(Legend!$B$23+Legend!$B$24+Legend!$B$25) | I7: 3 | J7: 3 | K7: 3 | L7: =IF(COUNT(I7:K7)<2,"",MAX(I7:K7)-MIN(I7:K7))
A8: 4 | B8: 1 | C8: 1 | D8: Puka Nacua | E8: WR | F8: 2 | G8: LAR | H8: =(IF(I8="",Legend!$B$29,I8)*Legend!$B$23+IF(J8="",Legend!$B$30,J8)*Legend!$B$24+IF(K8="",Legend!$B$31,K8)*Legend!$B$25)/(Legend!$B$23+Legend!$B$24+Legend!$B$25) | I8: 4 | J8: 4 | K8: 4 | L8: =IF(COUNT(I8:K8)<2,"",MAX(I8:K8)-MIN(I8:K8))
A9: 5 | B9: 2 | C9: 1 | D9: Amon-Ra St. Brown | E9: WR | F9: 3 | G9: DET | H9: =(IF(I9="",Legend!$B$29,I9)*Legend!$B$23+IF(J9="",Legend!$B$30,J9)*Legend!$B$24+IF(K9="",Legend!$B$31,K9)*Legend!$B$25)/(Legend!$B$23+Legend!$B$24+Legend!$B$25) | I9: 7 | J9: 5 | K9: 6 | L9: =IF(COUNT(I9:K9)<2,"",MAX(I9:K9)-MIN(I9:K9))
A10: 6 | B10: 2 | C10: 1 | D10: Jaxon Smith-Njigba | E10: WR | F10: 4 | G10: SEA | H10: =(IF(I10="",Legend!$B$29,I10)*Legend!$B$23+IF(J10="",Legend!$B$30,J10)*Legend!$B$24+IF(K10="",Legend!$B$31,K10)*Legend!$B$25)/(Legend!$B$23+Legend!$B$24+Legend!$B$25) | I10: 8 | J10: 8 | K10: 5 | L10: =IF(COUNT(I10:K10)<2,"",MAX(I10:K10)-MIN(I10:K10))
A11: 7 | B11: 2 | C11: 2 | D11: Jonathan Taylor | E11: RB | F11: 3 | G11: IND | H11: =(IF(I11="",Legend!$B$29,I11)*Legend!$B$23+IF(J11="",Legend!$B$30,J11)*Legend!$B$24+IF(K11="",Legend!$B$31,K11)*Legend!$B$25)/(Legend!$B$23+Legend!$B$24+Legend!$B$25) | I11: 6 | J11: 6 | K11: 7 | L11: =IF(COUNT(I11:K11)<2,"",MAX(I11:K11)-MIN(I11:K11))
A12: 8 | B12: 2 | C12: 2 | D12: Christian McCaffrey | E12: RB | F12: 4 | G12: SF | H12: =(IF(I12="",Legend!$B$29,I12)*Legend!$B$23+IF(J12="",Legend!$B$30,J12)*Legend!$B$24+IF(K12="",Legend!$B$31,K12)*Legend!$B$25)/(Legend!$B$23+Legend!$B$24+Legend!$B$25) | I12: 5 | J12: 7 | K12: 8 | L12: =IF(COUNT(I12:K12)<2,"",MAX(I12:K12)-MIN(I12:K12))
A13: 9 | B13: 3 | C13: 2 | D13: CeeDee Lamb | E13: WR | F13: 5 | G13: DAL | H13: =(IF(I13="",Legend!$B$29,I13)*Legend!$B$23+IF(J13="",Legend!$B$30,J13)*Legend!$B$24+IF(K13="",Legend!$B$31,K13)*Legend!$B$25)/(Legend!$B$23+Legend!$B$24+Legend!$B$25) | I13: 10 | J13: 11 | K13: 9 | L13: =IF(COUNT(I13:K13)<2,"",MAX(I13:K13)-MIN(I13:K13))
A14: 10 | B14: 4 | C14: 3 | D14: James Cook III | E14: RB | F14: 5 | G14: BUF | H14: =(IF(I14="",Legend!$B$29,I14)*Legend!$B$23+IF(J14="",Legend!$B$30,J14)*Legend!$B$24+IF(K14="",Legend!$B$31,K14)*Legend!$B$25)/(Legend!$B$23+Legend!$B$24+Legend!$B$25) | I14: 13 | J14: 12 | K14: 10 | L14: =IF(COUNT(I14:K14)<2,"",MAX(I14:K14)-MIN(I14:K14))
A15: 11 | B15: 4 | C15: 2 | D15: Justin Jefferson | E15: WR | F15: 6 | G15: MIN | H15: =(IF(I15="",Legend!$B$29,I15)*Legend!$B$23+IF(J15="",Legend!$B$30,J15)*Legend!$B$24+IF(K15="",Legend!$B$31,K15)*Legend!$B$25)/(Legend!$B$23+Legend!$B$24+Legend!$B$25) | I15: 16 | J15: 10 | K15: 11 | L15: =IF(COUNT(I15:K15)<2,"",MAX(I15:K15)-MIN(I15:K15))
A16: 12 | B16: 4 | C16: 3 | D16: Saquon Barkley | E16: RB | F16: 6 | G16: PHI | H16: =(IF(I16="",Legend!$B$29,I16)*Legend!$B$23+IF(J16="",Legend!$B$30,J16)*Legend!$B$24+IF(K16="",Legend!$B$31,K16)*Legend!$B$25)/(Legend!$B$23+Legend!$B$24+Legend!$B$25) | I16: 12 | J16: 9 | K16: 15 | L16: =IF(COUNT(I16:K16)<2,"",MAX(I16:K16)-MIN(I16:K16))
... A258: 254 | B258: 48 | C258: 16 | D258: Kirk Cousins | E258: QB | F258: 32 | G258: LV | H258: =(IF(I258="",Legend!$B$29,I258)*Legend!$B$23+IF(J258="",Legend!$B$30,J258)*Legend!$B$24+IF(K258="",Legend!$B$31,K258)*Legend!$B$25)/(Legend!$B$23+Legend!$B$24+Legend!$B$25) | I258: 260 | J258: 206 | K258: 269 | L258: =IF(COUNT(I258:K258)<2,"",MAX(I258:K258)-MIN(I258:K258))
A259: 255 | B259: 48 | C259: 24 | D259: Troy Franklin | E259: WR | F259: 91 | G259: DEN | H259: =(IF(I259="",Legend!$B$29,I259)*Legend!$B$23+IF(J259="",Legend!$B$30,J259)*Legend!$B$24+IF(K259="",Legend!$B$31,K259)*Legend!$B$25)/(Legend!$B$23+Legend!$B$24+Legend!$B$25) | J259: 258 | K259: 217 | L259: =IF(COUNT(I259:K259)<2,"",MAX(I259:K259)-MIN(I259:K259))
A260: 256 | B260: 48 | C260: 22 | D260: Isaiah Davis | E260: RB | F260: 71 | G260: NYJ | H260: =(IF(I260="",Legend!$B$29,I260)*Legend!$B$23+IF(J260="",Legend!$B$30,J260)*Legend!$B$24+IF(K260="",Legend!$B$31,K260)*Legend!$B$25)/(Legend!$B$23+Legend!$B$24+Legend!$B$25) | I260: 288 | J260: 228 | K260: 246 | L260: =IF(COUNT(I260:K260)<2,"",MAX(I260:K260)-MIN(I260:K260))
A261: 257 | B261: 48 | C261: 22 | D261: Jaylen Wright | E261: RB | F261: 72 | G261: MIA | H261: =(IF(I261="",Legend!$B$29,I261)*Legend!$B$23+IF(J261="",Legend!$B$30,J261)*Legend!$B$24+IF(K261="",Legend!$B$31,K261)*Legend!$B$25)/(Legend!$B$23+Legend!$B$24+Legend!$B$25) | J261: 240 | K261: 227 | L261: =IF(COUNT(I261:K261)<2,"",MAX(I261:K261)-MIN(I261:K261))
A262: 258 | B262: 48 | C262: 22 | D262: Justice Hill | E262: RB | F262: 73 | G262: BAL | H262: =(IF(I262="",Legend!$B$29,I262)*Legend!$B$23+IF(J262="",Legend!$B$30,J262)*Legend!$B$24+IF(K262="",Legend!$B$31,K262)*Legend!$B$25)/(Legend!$B$23+Legend!$B$24+Legend!$B$25) | I262: 272 | J262: 254 | K262: 243 | L262: =IF(COUNT(I262:K262)<2,"",MAX(I262:K262)-MIN(I262:K262))
A263: 259 | B263: 48 | C263: 4 | D263: Cleveland Browns | E263: DST | F263: 16 | G263: CLE | H263: =(IF(I263="",Legend!$B$29,I263)*Legend!$B$23+IF(J263="",Legend!$B$30,J263)*Legend!$B$24+IF(K263="",Legend!$B$31,K263)*Legend!$B$25)/(Legend!$B$23+Legend!$B$24+Legend!$B$25) | I263: 245 | J263: 253 | K263: 259 | L263: =IF(COUNT(I263:K263)<2,"",MAX(I263:K263)-MIN(I263:K263))
A264: 260 | B264: 49 | C264: 24 | D264: Antonio Williams | E264: WR | F264: 92 | G264: WAS | H264: =(IF(I264="",Legend!$B$29,I264)*Legend!$B$23+IF(J264="",Legend!$B$30,J264)*Legend!$B$24+IF(K264="",Legend!$B$31,K264)*Legend!$B$25)/(Legend!$B$23+Legend!$B$24+Legend!$B$25) | I264: 286 | J264: 251 | K264: 242 | L264: =IF(COUNT(I264:K264)<2,"",MAX(I264:K264)-MIN(I264:K264))
A265: 261 | B265: 49 | C265: 24 | D265: Ted Hurst III | E265: WR | F265: 93 | G265: TB | H265: =(IF(I265="",Legend!$B$29,I265)*Legend!$B$23+IF(J265="",Legend!$B$30,J265)*Legend!$B$24+IF(K265="",Legend!$B$31,K265)*Legend!$B$25)/(Legend!$B$23+Legend!$B$24+Legend!$B$25) | I265: 275 | J265: 229 | K265: 260 | L265: =IF(COUNT(I265:K265)<2,"",MAX(I265:K265)-MIN(I265:K265))
A266: 262 | B266: 50 | C266: 4 | D266: Chris Boswell | E266: K | F266: 16 | G266: PIT | H266: =(IF(I266="",Legend!$B$29,I266)*Legend!$B$23+IF(J266="",Legend!$B$30,J266)*Legend!$B$24+IF(K266="",Legend!$B$31,K266)*Legend!$B$25)/(Legend!$B$23+Legend!$B$24+Legend!$B$25) | I266: 243 | J266: 264 | K266: 265 | L266: =IF(COUNT(I266:K266)<2,"",MAX(I266:K266)-MIN(I266:K266))
A267: 263 | B267: 50 | C267: 23 | D267: Samaje Perine | E267: RB | F267: 74 | G267: CIN | H267: =(IF(I267="",Legend!$B$29,I267)*Legend!$B$23+IF(J267="",Legend!$B$30,J267)*Legend!$B$24+IF(K267="",Legend!$B$31,K267)*Legend!$B$25)/(Legend!$B$23+Legend!$B$24+Legend!$B$25) | I267: 232 | J267: 284 | K267: 261 | L267: =IF(COUNT(I267:K267)<2,"",MAX(I267:K267)-MIN(I267:K267))
A268: 264 | B268: 50 | C268: 24 | D268: Tyquan Thornton | E268: WR | F268: 94 | G268: KC | H268: =(IF(I268="",Legend!$B$29,I268)*Legend!$B$23+IF(J268="",Legend!$B$30,J268)*Legend!$B$24+IF(K268="",Legend!$B$31,K268)*Legend!$B$25)/(Legend!$B$23+Legend!$B$24+Legend!$B$25) | I268: 269 | J268: 230 | K268: 270 | L268: =IF(COUNT(I268:K268)<2,"",MAX(I268:K268)-MIN(I268:K268))
A269: 265 | B269: 51 | C269: 24 | D269: Chris Brooks | E269: RB | F269: 75 | G269: GB | H269: =(IF(I269="",Legend!$B$29,I269)*Legend!$B$23+IF(J269="",Legend!$B$30,J269)*Legend!$B$24+IF(K269="",Legend!$B$31,K269)*Legend!$B$25)/(Legend!$B$23+Legend!$B$24+Legend!$B$25) | I269: 290 | J269: 259 | K269: 253 | L269: =IF(COUNT(I269:K269)<2,"",MAX(I269:K269)-MIN(I269:K269))
A270: 266 | B270: 51 | C270: 4 | D270: San Francisco 49ers | E270: DST | F270: 17 | G270: SF | H270: =(IF(I270="",Legend!$B$29,I270)*Legend!$B$23+IF(J270="",Legend!$B$30,J270)*Legend!$B$24+IF(K270="",Legend!$B$31,K270)*Legend!$B$25)/(Legend!$B$23+Legend!$B$24+Legend!$B$25) | I270: 228 | J270: 244 | K270: 292 | L270: =IF(COUNT(I270:K270)<2,"",MAX(I270:K270)-MIN(I270:K270))
A271: 267 | B271: 52 | C271: 24 | D271: Jordan James | E271: RB | F271: 76 | G271: SF | H271: =(IF(I271="",Legend!$B$29,I271)*Legend!$B$23+IF(J271="",Legend!$B$30,J271)*Legend!$B$24+IF(K271="",Legend!$B$31,K271)*Legend!$B$25)/(Legend!$B$23+Legend!$B$24+Legend!$B$25) | I271: 280 | J271: 272 | K271: 258 | L271: =IF(COUNT(I271:K271)<2,"",MAX(I271:K271)-MIN(I271:K271))
A272: 268 | B272: 52 | C272: 25 | D272: Darius Slayton | E272: WR | F272: 95 | G272: NYG | H272: =(IF(I272="",Legend!$B$29,I272)*Legend!$B$23+IF(J272="",Legend!$B$30,J272)*Legend!$B$24+IF(K272="",Legend!$B$31,K272)*Legend!$B$25)/(Legend!$B$23+Legend!$B$24+Legend!$B$25) | I272: 237 | J272: 289 | K272: 272 | L272: =IF(COUNT(I272:K272)<2,"",MAX(I272:K272)-MIN(I272:K272))
A273: 269 | B273: 52 | C273: 4 | D273: Harrison Butker | E273: K | F273: 17 | G273: KC | H273: =(IF(I273="",Legend!$B$29,I273)*Legend!$B$23+IF(J273="",Legend!$B$30,J273)*Legend!$B$24+IF(K273="",Legend!$B$31,K273)*Legend!$B$25)/(Legend!$B$23+Legend!$B$24+Legend!$B$25) | I273: 296 | J273: 265 | K273: 256 | L273: =IF(COUNT(I273:K273)<2,"",MAX(I273:K273)-MIN(I273:K273))
... A277: 273 | B277: 52 | C277: 25 | D277: Xavier Legette | E277: WR | F277: 98 | G277: CAR | H277: =(IF(I277="",Legend!$B$29,I277)*Legend!$B$23+IF(J277="",Legend!$B$30,J277)*Legend!$B$24+IF(K277="",Legend!$B$31,K277)*Legend!$B$25)/(Legend!$B$23+Legend!$B$24+Legend!$B$25) | I277: 300 | J277: 220 | K277: 280 | L277: =IF(COUNT(I277:K277)<2,"",MAX(I277:K277)-MIN(I277:K277))
A278: 274 | B278: 53 | C278: 25 | D278: Treylon Burks | E278: WR | F278: 99 | G278: WAS | H278: =(IF(I278="",Legend!$B$29,I278)*Legend!$B$23+IF(J278="",Legend!$B$30,J278)*Legend!$B$24+IF(K278="",Legend!$B$31,K278)*Legend!$B$25)/(Legend!$B$23+Legend!$B$24+Legend!$B$25) | I278: 223 | J278: 236 | L278: =IF(COUNT(I278:K278)<2,"",MAX(I278:K278)-MIN(I278:K278))
A279: 275 | B279: 53 | C279: 24 | D279: Demond Claiborne | E279: RB | F279: 78 | G279: MIN | H279: =(IF(I279="",Legend!$B$29,I279)*Legend!$B$23+IF(J279="",Legend!$B$30,J279)*Legend!$B$24+IF(K279="",Legend!$B$31,K279)*Legend!$B$25)/(Legend!$B$23+Legend!$B$24+Legend!$B$25) | J279: 279 | K279: 248 | L279: =IF(COUNT(I279:K279)<2,"",MAX(I279:K279)-MIN(I279:K279))
A280: 276 | B280: 53 | C280: 17 | D280: Michael Penix Jr. | E280: QB | F280: 33 | G280: ATL | H280: =(IF(I280="",Legend!$B$29,I280)*Legend!$B$23+IF(J280="",Legend!$B$30,J280)*Legend!$B$24+IF(K280="",Legend!$B$31,K280)*Legend!$B$25)/(Legend!$B$23+Legend!$B$24+Legend!$B$25) | I280: 261 | J280: 298 | K280: 266 | L280: =IF(COUNT(I280:K280)<2,"",MAX(I280:K280)-MIN(I280:K280))
A281: 277 | B281: 53 | C281: 25 | D281: Elijah Sarratt | E281: WR | F281: 100 | G281: BAL | H281: =(IF(I281="",Legend!$B$29,I281)*Legend!$B$23+IF(J281="",Legend!$B$30,J281)*Legend!$B$24+IF(K281="",Legend!$B$31,K281)*Legend!$B$25)/(Legend!$B$23+Legend!$B$24+Legend!$B$25) | I281: 287 | J281: 252 | K281: 278 | L281: =IF(COUNT(I281:K281)<2,"",MAX(I281:K281)-MIN(I281:K281))
A282: 278 | B282: 53 | C282: 16 | D282: Mason Taylor | E282: TE | F282: 33 | G282: NYJ | H282: =(IF(I282="",Legend!$B$29,I282)*Legend!$B$23+IF(J282="",Legend!$B$30,J282)*Legend!$B$24+IF(K282="",Legend!$B$31,K282)*Legend!$B$25)/(Legend!$B$23+Legend!$B$24+Legend!$B$25) | I282: 263 | J282: 285 | K282: 276 | L282: =IF(COUNT(I282:K282)<2,"",MAX(I282:K282)-MIN(I282:K282))
A283: 279 | B283: 53 | C283: 24 | D283: LeQuint Allen Jr. | E283: RB | F283: 79 | G283: JAC | H283: =(IF(I283="",Legend!$B$29,I283)*Legend!$B$23+IF(J283="",Legend!$B$30,J283)*Legend!$B$24+IF(K283="",Legend!$B$31,K283)*Legend!$B$25)/(Legend!$B$23+Legend!$B$24+Legend!$B$25) | I283: 284 | J283: 288 | K283: 267 | L283: =IF(COUNT(I283:K283)<2,"",MAX(I283:K283)-MIN(I283:K283))
A284: 280 | B284: 53 | C284: 24 | D284: Seth McGowan | E284: RB | F284: 80 | G284: IND | H284: =(IF(I284="",Legend!$B$29,I284)*Legend!$B$23+IF(J284="",Legend!$B$30,J284)*Legend!$B$24+IF(K284="",Legend!$B$31,K284)*Legend!$B$25)/(Legend!$B$23+Legend!$B$24+Legend!$B$25) | I284: 241 | J284: 301 | K284: 283 | L284: =IF(COUNT(I284:K284)<2,"",MAX(I284:K284)-MIN(I284:K284))
A285: 281 | B285: 53 | C285: 24 | D285: Ty Johnson | E285: RB | F285: 81 | G285: BUF | H285: =(IF(I285="",Legend!$B$29,I285)*Legend!$B$23+IF(J285="",Legend!$B$30,J285)*Legend!$B$24+IF(K285="",Legend!$B$31,K285)*Legend!$B$25)/(Legend!$B$23+Legend!$B$24+Legend!$B$25) | J285: 269 | K285: 262 | L285: =IF(COUNT(I285:K285)<2,"",MAX(I285:K285)-MIN(I285:K285))
A286: 282 | B286: 54 | C286: 25 | D286: Chimere Dike | E286: WR | F286: 101 | G286: TEN | H286: =(IF(I286="",Legend!$B$29,I286)*Legend!$B$23+IF(J286="",Legend!$B$30,J286)*Legend!$B$24+IF(K286="",Legend!$B$31,K286)*Legend!$B$25)/(Legend!$B$23+Legend!$B$24+Legend!$B$25) | J286: 275 | K286: 263 | L286: =IF(COUNT(I286:K286)<2,"",MAX(I286:K286)-MIN(I286:K286))
A287: 283 | B287: 54 | C287: 17 | D287: Deshaun Watson | E287: QB | F287: 34 | G287: CLE | H287: =(IF(I287="",Legend!$B$29,I287)*Legend!$B$23+IF(J287="",Legend!$B$30,J287)*Legend!$B$24+IF(K287="",Legend!$B$31,K287)*Legend!$B$25)/(Legend!$B$23+Legend!$B$24+Legend!$B$25) | I287: 254 | J287: 304 | K287: 281 | L287: =IF(COUNT(I287:K287)<2,"",MAX(I287:K287)-MIN(I287:K287))
A288: 284 | B288: 54 | C288: 5 | D288: NO | E288: DST | F288: 18 | G288: NO | H288: =(IF(I288="",Legend!$B$29,I288)*Legend!$B$23+IF(J288="",Legend!$B$30,J288)*Legend!$B$24+IF(K288="",Legend!$B$31,K288)*Legend!$B$25)/(Legend!$B$23+Legend!$B$24+Legend!$B$25) | I288: 248 | J288: 243 | L288: =IF(COUNT(I288:K288)<2,"",MAX(I288:K288)-MIN(I288:K288))
A289: 285 | B289: 54 | C289: 5 | D289: DAL | E289: DST | F289: 19 | G289: DAL | H289: =(IF(I289="",Legend!$B$29,I289)*Legend!$B$23+IF(J289="",Legend!$B$30,J289)*Legend!$B$24+IF(K289="",Legend!$B$31,K289)*Legend!$B$25)/(Legend!$B$23+Legend!$B$24+Legend!$B$25) | I289: 173 | L289: =IF(COUNT(I289:K289)<2,"",MAX(I289:K289)-MIN(I289:K289))
A290: 286 | B290: 54 | C290: 25 | D290: Malik Davis | E290: RB | F290: 82 | G290: DAL | H290: =(IF(I290="",Legend!$B$29,I290)*Legend!$B$23+IF(J290="",Legend!$B$30,J290)*Legend!$B$24+IF(K290="",Legend!$B$31,K290)*Legend!$B$25)/(Legend!$B$23+Legend!$B$24+Legend!$B$25) | J290: 261 | K290: 275 | L290: =IF(COUNT(I290:K290)<2,"",MAX(I290:K290)-MIN(I290:K290))
A291: 287 | B291: 55 | C291: 26 | D291: Christian Kirk | E291: WR | F291: 102 | G291: SF | H291: =(IF(I291="",Legend!$B$29,I291)*Legend!$B$23+IF(J291="",Legend!$B$30,J291)*Legend!$B$24+IF(K291="",Legend!$B$31,K291)*Legend!$B$25)/(Legend!$B$23+Legend!$B$24+Legend!$B$25) | J291: 283 | K291: 274 | L291: =IF(COUNT(I291:K291)<2,"",MAX(I291:K291)-MIN(I291:K291))
A292: 288 | B292: 55 | C292: 6 | D292: Atlanta Falcons | E292: DST | F292: 20 | G292: ATL | H292: =(IF(I292="",Legend!$B$29,I292)*Legend!$B$23+IF(J292="",Legend!$B$30,J292)*Legend!$B$24+IF(K292="",Legend!$B$31,K292)*Legend!$B$25)/(Legend!$B$23+Legend!$B$24+Legend!$B$25) | J292: 245 | K292: 295 | L292: =IF(COUNT(I292:K292)<2,"",MAX(I292:K292)-MIN(I292:K292))
A293: 289 | B293: 55 | C293: 6 | D293: CIN | E293: DST | F293: 21 | G293: CIN | H293: =(IF(I293="",Legend!$B$29,I293)*Legend!$B$23+IF(J293="",Legend!$B$30,J293)*Legend!$B$24+IF(K293="",Legend!$B$31,K293)*Legend!$B$25)/(Legend!$B$23+Legend!$B$24+Legend!$B$25) | I293: 202 | L293: =IF(COUNT(I293:K293)<2,"",MAX(I293:K293)-MIN(I293:K293))
A294: 290 | B294: 55 | C294: 26 | D294: Marvin Mims Jr. | E294: WR | F294: 103 | G294: DEN | H294: =(IF(I294="",Legend!$B$29,I294)*Legend!$B$23+IF(J294="",Legend!$B$30,J294)*Legend!$B$24+IF(K294="",Legend!$B$31,K294)*Legend!$B$25)/(Legend!$B$23+Legend!$B$24+Legend!$B$25) | I294: 293 | J294: 291 | K294: 286 | L294: =IF(COUNT(I294:K294)<2,"",MAX(I294:K294)-MIN(I294:K294))
A295: 291 | B295: 55 | C295: 26 | D295: Emari Demercado | E295: RB | F295: 83 | G295: KC | H295: =(IF(I295="",Legend!$B$29,I295)*Legend!$B$23+IF(J295="",Legend!$B$30,J295)*Legend!$B$24+IF(K295="",Legend!$B$31,K295)*Legend!$B$25)/(Legend!$B$23+Legend!$B$24+Legend!$B$25) | I295: 281 | J295: 292 | K295: 293 | L295: =IF(COUNT(I295:K295)<2,"",MAX(I295:K295)-MIN(I295:K295))
A296: 292 | B296: 55 | C296: 17 | D296: Charlie Kolar | E296: TE | F296: 34 | G296: LAC | H296: =(IF(I296="",Legend!$B$29,I296)*Legend!$B$23+IF(J296="",Legend!$B$30,J296)*Legend!$B$24+IF(K296="",Legend!$B$31,K296)*Legend!$B$25)/(Legend!$B$23+Legend!$B$24+Legend!$B$25) | I296: 209 | L296: =IF(COUNT(I296:K296)<2,"",MAX(I296:K296)-MIN(I296:K296))
A297: 293 | B297: 55 | C297: 17 | D297: Theo Johnson | E297: TE | F297: 35 | G297: NYG | H297: =(IF(I297="",Legend!$B$29,I297)*Legend!$B$23+IF(J297="",Legend!$B$30,J297)*Legend!$B$24+IF(K297="",Legend!$B$31,K297)*Legend!$B$25)/(Legend!$B$23+Legend!$B$24+Legend!$B$25) | J297: 281 | K297: 282 | L297: =IF(COUNT(I297:K297)<2,"",MAX(I297:K297)-MIN(I297:K297))
A298: 294 | B298: 56 | C298: 17 | D298: Eli Stowers | E298: TE | F298: 36 | G298: PHI | H298: =(IF(I298="",Legend!$B$29,I298)*Legend!$B$23+IF(J298="",Legend!$B$30,J298)*Legend!$B$24+IF(K298="",Legend!$B$31,K298)*Legend!$B$25)/(Legend!$B$23+Legend!$B$24+Legend!$B$25) | J298: 277 | K298: 290 | L298: =IF(COUNT(I298:K298)<2,"",MAX(I298:K298)-MIN(I298:K298))
A299: 295 | B299: 56 | C299: 17 | D299: Shedeur Sanders | E299: QB | F299: 35 | G299: CLE | H299: =(IF(I299="",Legend!$B$29,I299)*Legend!$B$23+IF(J299="",Legend!$B$30,J299)*Legend!$B$24+IF(K299="",Legend!$B$31,K299)*Legend!$B$25)/(Legend!$B$23+Legend!$B$24+Legend!$B$25) | J299: 305 | K299: 277 | L299: =IF(COUNT(I299:K299)<2,"",MAX(I299:K299)-MIN(I299:K299))
A300: 296 | B300: 56 | C300: 5 | D300: Trey Smack | E300: K | F300: 18 | G300: GB | H300: =(IF(I300="",Legend!$B$29,I300)*Legend!$B$23+IF(J300="",Legend!$B$30,J300)*Legend!$B$24+IF(K300="",Legend!$B$31,K300)*Legend!$B$25)/(Legend!$B$23+Legend!$B$24+Legend!$B$25) | I300: 225 | L300: =IF(COUNT(I300:K300)<2,"",MAX(I300:K300)-MIN(I300:K300))
A301: 297 | B301: 56 | C301: 6 | D301: TB | E301: DST | F301: 22 | G301: TB | H301: =(IF(I301="",Legend!$B$29,I301)*Legend!$B$23+IF(J301="",Legend!$B$30,J301)*Legend!$B$24+IF(K301="",Legend!$B$31,K301)*Legend!$B$25)/(Legend!$B$23+Legend!$B$24+Legend!$B$25) | I301: 226 | L301: =IF(COUNT(I301:K301)<2,"",MAX(I301:K301)-MIN(I301:K301))
A302: 298 | B302: 56 | C302: 6 | D302: NYG | E302: DST | F302: 23 | G302: NYG | H302: =(IF(I302="",Legend!$B$29,I302)*Legend!$B$23+IF(J302="",Legend!$B$30,J302)*Legend!$B$24+IF(K302="",Legend!$B$31,K302)*Legend!$B$25)/(Legend!$B$23+Legend!$B$24+Legend!$B$25) | I302: 227 | L302: =IF(COUNT(I302:K302)<2,"",MAX(I302:K302)-MIN(I302:K302))
A303: 299 | B303: 56 | C303: 27 | D303: Trey Benson | E303: RB | F303: 84 | G303: FA | H303: =(IF(I303="",Legend!$B$29,I303)*Legend!$B$23+IF(J303="",Legend!$B$30,J303)*Legend!$B$24+IF(K303="",Legend!$B$31,K303)*Legend!$B$25)/(Legend!$B$23+Legend!$B$24+Legend!$B$25) | J303: 287 | K303: 288 | L303: =IF(COUNT(I303:K303)<2,"",MAX(I303:K303)-MIN(I303:K303))
A304: 300 | B304: 57 | C304: 26 | D304: Jahan Dotson | E304: WR | F304: 104 | G304: ATL | H304: =(IF(I304="",Legend!$B$29,I304)*Legend!$B$23+IF(J304="",Legend!$B$30,J304)*Legend!$B$24+IF(K304="",Legend!$B$31,K304)*Legend!$B$25)/(Legend!$B$23+Legend!$B$24+Legend!$B$25) | I304: 233 | L304: =IF(COUNT(I304:K304)<2,"",MAX(I304:K304)-MIN(I304:K304))
A305: 301 | B305: 57 | C305: 28 | D305: Adam Randall | E305: RB | F305: 85 | G305: BAL | H305: =(IF(I305="",Legend!$B$29,I305)*Legend!$B$23+IF(J305="",Legend!$B$30,J305)*Legend!$B$24+IF(K305="",Legend!$B$31,K305)*Legend!$B$25)/(Legend!$B$23+Legend!$B$24+Legend!$B$25) | J305: 300 | K305: 287 | L305: =IF(COUNT(I305:K305)<2,"",MAX(I305:K305)-MIN(I305:K305))
A306: 302 | B306: 57 | C306: 6 | D306: CHI | E306: DST | F306: 24 | G306: CHI | H306: =(IF(I306="",Legend!$B$29,I306)*Legend!$B$23+IF(J306="",Legend!$B$30,J306)*Legend!$B$24+IF(K306="",Legend!$B$31,K306)*Legend!$B$25)/(Legend!$B$23+Legend!$B$24+Legend!$B$25) | J306: 246 | L306: =IF(COUNT(I306:K306)<2,"",MAX(I306:K306)-MIN(I306:K306))
A307: 303 | B307: 57 | C307: 28 | D307: Devin Singletary | E307: RB | F307: 86 | G307: NYG | H307: =(IF(I307="",Legend!$B$29,I307)*Legend!$B$23+IF(J307="",Legend!$B$30,J307)*Legend!$B$24+IF(K307="",Legend!$B$31,K307)*Legend!$B$25)/(Legend!$B$23+Legend!$B$24+Legend!$B$25) | J307: 290 | K307: 294 | L307: =IF(COUNT(I307:K307)<2,"",MAX(I307:K307)-MIN(I307:K307))
A308: 304 | B308: 57 | C308: 28 | D308: Brashard Smith | E308: RB | F308: 87 | G308: KC | H308: =(IF(I308="",Legend!$B$29,I308)*Legend!$B$23+IF(J308="",Legend!$B$30,J308)*Legend!$B$24+IF(K308="",Legend!$B$31,K308)*Legend!$B$25)/(Legend!$B$23+Legend!$B$24+Legend!$B$25) | J308: 299 | K308: 291 | L308: =IF(COUNT(I308:K308)<2,"",MAX(I308:K308)-MIN(I308:K308))
A309: 305 | B309: 57 | C309: 6 | D309: TEN | E309: DST | F309: 25 | G309: TEN | H309: =(IF(I309="",Legend!$B$29,I309)*Legend!$B$23+IF(J309="",Legend!$B$30,J309)*Legend!$B$24+IF(K309="",Legend!$B$31,K309)*Legend!$B$25)/(Legend!$B$23+Legend!$B$24+Legend!$B$25) | I309: 246 | L309: =IF(COUNT(I309:K309)<2,"",MAX(I309:K309)-MIN(I309:K309))
A310: 306 | B310: 57 | C310: 6 | D310: IND | E310: DST | F310: 26 | G310: IND | H310: =(IF(I310="",Legend!$B$29,I310)*Legend!$B$23+IF(J310="",Legend!$B$30,J310)*Legend!$B$24+IF(K310="",Legend!$B$31,K310)*Legend!$B$25)/(Legend!$B$23+Legend!$B$24+Legend!$B$25) | I310: 249 | L310: =IF(COUNT(I310:K310)<2,"",MAX(I310:K310)-MIN(I310:K310))
A311: 307 | B311: 57 | C311: 28 | D311: Devin Neal | E311: RB | F311: 88 | G311: NO | H311: =(IF(I311="",Legend!$B$29,I311)*Legend!$B$23+IF(J311="",Legend!$B$30,J311)*Legend!$B$24+IF(K311="",Legend!$B$31,K311)*Legend!$B$25)/(Legend!$B$23+Legend!$B$24+Legend!$B$25) | K311: 284 | L311: =IF(COUNT(I311:K311)<2,"",MAX(I311:K311)-MIN(I311:K311))
A312: 308 | B312: 58 | C312: 28 | D312: Trevor Etienne | E312: RB | F312: 89 | G312: CAR | H312: =(IF(I312="",Legend!$B$29,I312)*Legend!$B$23+IF(J312="",Legend!$B$30,J312)*Legend!$B$24+IF(K312="",Legend!$B$31,K312)*Legend!$B$25)/(Legend!$B$23+Legend!$B$24+Legend!$B$25) | J312: 302 | K312: 297 | L312: =IF(COUNT(I312:K312)<2,"",MAX(I312:K312)-MIN(I312:K312))
A313: 309 | B313: 58 | C313: 28 | D313: Kendre Miller | E313: RB | F313: 90 | G313: NO | H313: =(IF(I313="",Legend!$B$29,I313)*Legend!$B$23+IF(J313="",Legend!$B$30,J313)*Legend!$B$24+IF(K313="",Legend!$B$31,K313)*Legend!$B$25)/(Legend!$B$23+Legend!$B$24+Legend!$B$25) | K313: 289 | L313: =IF(COUNT(I313:K313)<2,"",MAX(I313:K313)-MIN(I313:K313))
A314: 310 | B314: 58 | C314: 28 | D314: Tahj Brooks | E314: RB | F314: 91 | G314: CIN | H314: =(IF(I314="",Legend!$B$29,I314)*Legend!$B$23+IF(J314="",Legend!$B$30,J314)*Legend!$B$24+IF(K314="",Legend!$B$31,K314)*Legend!$B$25)/(Legend!$B$23+Legend!$B$24+Legend!$B$25) | J314: 303 | K314: 298 | L314: =IF(COUNT(I314:K314)<2,"",MAX(I314:K314)-MIN(I314:K314))
A315: 311 | B315: 58 | C315: 27 | D315: Mack Hollins | E315: WR | F315: 105 | G315: NE | H315: =(IF(I315="",Legend!$B$29,I315)*Legend!$B$23+IF(J315="",Legend!$B$30,J315)*Legend!$B$24+IF(K315="",Legend!$B$31,K315)*Legend!$B$25)/(Legend!$B$23+Legend!$B$24+Legend!$B$25) | I315: 295 | K315: 300 | L315: =IF(COUNT(I315:K315)<2,"",MAX(I315:K315)-MIN(I315:K315))
A316: 312 | B316: 58 | C316: 17 | D316: Mike Gesicki | E316: TE | F316: 37 | G316: CIN | H316: =(IF(I316="",Legend!$B$29,I316)*Legend!$B$23+IF(J316="",Legend!$B$30,J316)*Legend!$B$24+IF(K316="",Legend!$B$31,K316)*Legend!$B$25)/(Legend!$B$23+Legend!$B$24+Legend!$B$25) | I316: 266 | L316: =IF(COUNT(I316:K316)<2,"",MAX(I316:K316)-MIN(I316:K316))
A317: 313 | B317: 58 | C317: 17 | D317: Oscar Delp | E317: TE | F317: 38 | G317: NO | H317: =(IF(I317="",Legend!$B$29,I317)*Legend!$B$23+IF(J317="",Legend!$B$30,J317)*Legend!$B$24+IF(K317="",Legend!$B$31,K317)*Legend!$B$25)/(Legend!$B$23+Legend!$B$24+Legend!$B$25) | J317: 273 | L317: =IF(COUNT(I317:K317)<2,"",MAX(I317:K317)-MIN(I317:K317))
A318: 314 | B318: 58 | C318: 27 | D318: Andrei Iosivas | E318: WR | F318: 106 | G318: CIN | H318: =(IF(I318="",Legend!$B$29,I318)*Legend!$B$23+IF(J318="",Legend!$B$30,J318)*Legend!$B$24+IF(K318="",Legend!$B$31,K318)*Legend!$B$25)/(Legend!$B$23+Legend!$B$24+Legend!$B$25) | I318: 268 | L318: =IF(COUNT(I318:K318)<2,"",MAX(I318:K318)-MIN(I318:K318))
A319: 315 | B319: 58 | C319: 27 | D319: Calvin Austin III | E319: WR | F319: 107 | G319: NYG | H319: =(IF(I319="",Legend!$B$29,I319)*Legend!$B$23+IF(J319="",Legend!$B$30,J319)*Legend!$B$24+IF(K319="",Legend!$B$31,K319)*Legend!$B$25)/(Legend!$B$23+Legend!$B$24+Legend!$B$25) | I319: 270 | L319: =IF(COUNT(I319:K319)<2,"",MAX(I319:K319)-MIN(I319:K319))
A320: 316 | B320: 58 | C320: 27 | D320: Brandon Aiyuk | E320: WR | F320: 108 | G320: SF | H320: =(IF(I320="",Legend!$B$29,I320)*Legend!$B$23+IF(J320="",Legend!$B$30,J320)*Legend!$B$24+IF(K320="",Legend!$B$31,K320)*Legend!$B$25)/(Legend!$B$23+Legend!$B$24+Legend!$B$25) | I320: 299 | J320: 293 | L320: =IF(COUNT(I320:K320)<2,"",MAX(I320:K320)-MIN(I320:K320))
A321: 317 | B321: 58 | C321: 27 | D321: Luke McCaffrey | E321: WR | F321: 109 | G321: WAS | H321: =(IF(I321="",Legend!$B$29,I321)*Legend!$B$23+IF(J321="",Legend!$B$30,J321)*Legend!$B$24+IF(K321="",Legend!$B$31,K321)*Legend!$B$25)/(Legend!$B$23+Legend!$B$24+Legend!$B$25) | I321: 271 | L321: =IF(COUNT(I321:K321)<2,"",MAX(I321:K321)-MIN(I321:K321))
A322: 318 | B322: 59 | C322: 29 | D322: Kaleb Johnson | E322: RB | F322: 92 | G322: PIT | H322: =(IF(I322="",Legend!$B$29,I322)*Legend!$B$23+IF(J322="",Legend!$B$30,J322)*Legend!$B$24+IF(K322="",Legend!$B$31,K322)*Legend!$B$25)/(Legend!$B$23+Legend!$B$24+Legend!$B$25) | J322: 282 | L322: =IF(COUNT(I322:K322)<2,"",MAX(I322:K322)-MIN(I322:K322))
A323: 319 | B323: 59 | C323: 27 | D323: Hollywood Brown | E323: WR | F323: 110 | G323: PHI | H323: =(IF(I323="",Legend!$B$29,I323)*Legend!$B$23+IF(J323="",Legend!$B$30,J323)*Legend!$B$24+IF(K323="",Legend!$B$31,K323)*Legend!$B$25)/(Legend!$B$23+Legend!$B$24+Legend!$B$25) | K323: 296 | L323: =IF(COUNT(I323:K323)<2,"",MAX(I323:K323)-MIN(I323:K323))
A324: 320 | B324: 59 | C324: 17 | D324: Darnell Washington | E324: TE | F324: 39 | G324: PIT | H324: =(IF(I324="",Legend!$B$29,I324)*Legend!$B$23+IF(J324="",Legend!$B$30,J324)*Legend!$B$24+IF(K324="",Legend!$B$31,K324)*Legend!$B$25)/(Legend!$B$23+Legend!$B$24+Legend!$B$25) | I324: 278 | L324: =IF(COUNT(I324:K324)<2,"",MAX(I324:K324)-MIN(I324:K324))
A325: 321 | B325: 59 | C325: 17 | D325: Erick All Jr. | E325: TE | F325: 40 | G325: CIN | H325: =(IF(I325="",Legend!$B$29,I325)*Legend!$B$23+IF(J325="",Legend!$B$30,J325)*Legend!$B$24+IF(K325="",Legend!$B$31,K325)*Legend!$B$25)/(Legend!$B$23+Legend!$B$24+Legend!$B$25) | I325: 279 | L325: =IF(COUNT(I325:K325)<2,"",MAX(I325:K325)-MIN(I325:K325))
A326: 322 | B326: 60 | C326: 28 | D326: Kyle Williams | E326: WR | F326: 111 | G326: NE | H326: =(IF(I326="",Legend!$B$29,I326)*Legend!$B$23+IF(J326="",Legend!$B$30,J326)*Legend!$B$24+IF(K326="",Legend!$B$31,K326)*Legend!$B$25)/(Legend!$B$23+Legend!$B$24+Legend!$B$25) | J326: 295 | L326: =IF(COUNT(I326:K326)<2,"",MAX(I326:K326)-MIN(I326:K326))
A327: 323 | B327: 60 | C327: 28 | D327: Isaiah Bond | E327: WR | F327: 112 | G327: CLE | H327: =(IF(I327="",Legend!$B$29,I327)*Legend!$B$23+IF(J327="",Legend!$B$30,J327)*Legend!$B$24+IF(K327="",Legend!$B$31,K327)*Legend!$B$25)/(Legend!$B$23+Legend!$B$24+Legend!$B$25) | J327: 296 | L327: =IF(COUNT(I327:K327)<2,"",MAX(I327:K327)-MIN(I327:K327))
A328: 324 | B328: 60 | C328: 28 | D328: Skyler Bell | E328: WR | F328: 113 | G328: BUF | H328: =(IF(I328="",Legend!$B$29,I328)*Legend!$B$23+IF(J328="",Legend!$B$30,J328)*Legend!$B$24+IF(K328="",Legend!$B$31,K328)*Legend!$B$25)/(Legend!$B$23+Legend!$B$24+Legend!$B$25) | J328: 297 | L328: =IF(COUNT(I328:K328)<2,"",MAX(I328:K328)-MIN(I328:K328))
A329: 325 | B329: 60 | C329: 28 | D329: Kendrick Bourne | E329: WR | F329: 114 | G329: ARI | H329: =(IF(I329="",Legend!$B$29,I329)*Legend!$B$23+IF(J329="",Legend!$B$30,J329)*Legend!$B$24+IF(K329="",Legend!$B$31,K329)*Legend!$B$25)/(Legend!$B$23+Legend!$B$24+Legend!$B$25) | I329: 297 | L329: =IF(COUNT(I329:K329)<2,"",MAX(I329:K329)-MIN(I329:K329))
A330: 326 | B330: 60 | C330: 28 | D330: Jalen Tolbert | E330: WR | F330: 115 | G330: MIA | H330: =(IF(I330="",Legend!$B$29,I330)*Legend!$B$23+IF(J330="",Legend!$B$30,J330)*Legend!$B$24+IF(K330="",Legend!$B$31,K330)*Legend!$B$25)/(Legend!$B$23+Legend!$B$24+Legend!$B$25) | I330: 298 | L330: =IF(COUNT(I330:K330)<2,"",MAX(I330:K330)-MIN(I330:K330))
A331: 327 | B331: 60 | C331: 6 | D331: Jake Elliott | E331: K | F331: 19 | G331: PHI | H331: =(IF(I331="",Legend!$B$29,I331)*Legend!$B$23+IF(J331="",Legend!$B$30,J331)*Legend!$B$24+IF(K331="",Legend!$B$31,K331)*Legend!$B$25)/(Legend!$B$23+Legend!$B$24+Legend!$B$25) | J331: 306 | L331: =IF(COUNT(I331:K331)<2,"",MAX(I331:K331)-MIN(I331:K331))

Sheet Full PPR
A1: Full PPR — Winks + Norris + FantasyPros consensus
A2: Filter with the header arrows. Set Drafted to dim a row. A shaded Range means the sources disagree by 40 or more.
A4: Rank | B4: Tier | C4: PosTier | D4: Player | E4: Pos | F4: PosRank | G4: Team | H4: Avg | I4: Winks | J4: Norris | K4: FantasyPros | L4: Range | M4: Drafted | N4: Notes
A5: 1 | B5: 1 | C5: 1 | D5: Jahmyr Gibbs | E5: RB | F5: 1 | G5: DET | H5: =(IF(I5="",Legend!$B$32,I5)*Legend!$B$23+IF(J5="",Legend!$B$33,J5)*Legend!$B$24+IF(K5="",Legend!$B$34,K5)*Legend!$B$25)/(Legend!$B$23+Legend!$B$24+Legend!$B$25) | I5: 1 | J5: 1 | K5: 2 | L5: =IF(COUNT(I5:K5)<2,"",MAX(I5:K5)-MIN(I5:K5))
A6: 2 | B6: 1 | C6: 1 | D6: Ja'Marr Chase | E6: WR | F6: 1 | G6: CIN | H6: =(IF(I6="",Legend!$B$32,I6)*Legend!$B$23+IF(J6="",Legend!$B$33,J6)*Legend!$B$24+IF(K6="",Legend!$B$34,K6)*Legend!$B$25)/(Legend!$B$23+Legend!$B$24+Legend!$B$25) | I6: 2 | J6: 3 | K6: 1 | L6: =IF(COUNT(I6:K6)<2,"",MAX(I6:K6)-MIN(I6:K6))
A7: 3 | B7: 2 | C7: 1 | D7: Puka Nacua | E7: WR | F7: 2 | G7: LAR | H7: =(IF(I7="",Legend!$B$32,I7)*Legend!$B$23+IF(J7="",Legend!$B$33,J7)*Legend!$B$24+IF(K7="",Legend!$B$34,K7)*Legend!$B$25)/(Legend!$B$23+Legend!$B$24+Legend!$B$25) | I7: 3 | J7: 4 | K7: 3 | L7: =IF(COUNT(I7:K7)<2,"",MAX(I7:K7)-MIN(I7:K7))
A8: 4 | B8: 2 | C8: 1 | D8: Bijan Robinson | E8: RB | F8: 2 | G8: ATL | H8: =(IF(I8="",Legend!$B$32,I8)*Legend!$B$23+IF(J8="",Legend!$B$33,J8)*Legend!$B$24+IF(K8="",Legend!$B$34,K8)*Legend!$B$25)/(Legend!$B$23+Legend!$B$24+Legend!$B$25) | I8: 4 | J8: 2 | K8: 4 | L8: =IF(COUNT(I8:K8)<2,"",MAX(I8:K8)-MIN(I8:K8))
A9: 5 | B9: 3 | C9: 1 | D9: Amon-Ra St. Brown | E9: WR | F9: 3 | G9: DET | H9: =(IF(I9="",Legend!$B$32,I9)*Legend!$B$23+IF(J9="",Legend!$B$33,J9)*Legend!$B$24+IF(K9="",Legend!$B$34,K9)*Legend!$B$25)/(Legend!$B$23+Legend!$B$24+Legend!$B$25) | I9: 5 | J9: 5 | K9: 6 | L9: =IF(COUNT(I9:K9)<2,"",MAX(I9:K9)-MIN(I9:K9))
A10: 6 | B10: 3 | C10: 1 | D10: Jaxon Smith-Njigba | E10: WR | F10: 4 | G10: SEA | H10: =(IF(I10="",Legend!$B$32,I10)*Legend!$B$23+IF(J10="",Legend!$B$33,J10)*Legend!$B$24+IF(K10="",Legend!$B$34,K10)*Legend!$B$25)/(Legend!$B$23+Legend!$B$24+Legend!$B$25) | I10: 6 | J10: 6 | K10: 5 | L10: =IF(COUNT(I10:K10)<2,"",MAX(I10:K10)-MIN(I10:K10))
A11: 7 | B11: 4 | C11: 1 | D11: CeeDee Lamb | E11: WR | F11: 5 | G11: DAL | H11: =(IF(I11="",Legend!$B$32,I11)*Legend!$B$23+IF(J11="",Legend!$B$33,J11)*Legend!$B$24+IF(K11="",Legend!$B$34,K11)*Legend!$B$25)/(Legend!$B$23+Legend!$B$24+Legend!$B$25) | I11: 8 | J11: 9 | K11: 7 | L11: =IF(COUNT(I11:K11)<2,"",MAX(I11:K11)-MIN(I11:K11))
A12: 8 | B12: 4 | C12: 2 | D12: Christian McCaffrey | E12: RB | F12: 3 | G12: SF | H12: =(IF(I12="",Legend!$B$32,I12)*Legend!$B$23+IF(J12="",Legend!$B$33,J12)*Legend!$B$24+IF(K12="",Legend!$B$34,K12)*Legend!$B$25)/(Legend!$B$23+Legend!$B$24+Legend!$B$25) | I12: 7 | J12: 10 | K12: 9 | L12: =IF(COUNT(I12:K12)<2,"",MAX(I12:K12)-MIN(I12:K12))
A13: 9 | B13: 4 | C13: 2 | D13: Jonathan Taylor | E13: RB | F13: 4 | G13: IND | H13: =(IF(I13="",Legend!$B$32,I13)*Legend!$B$23+IF(J13="",Legend!$B$33,J13)*Legend!$B$24+IF(K13="",Legend!$B$34,K13)*Legend!$B$25)/(Legend!$B$23+Legend!$B$24+Legend!$B$25) | I13: 9 | J13: 7 | K13: 10 | L13: =IF(COUNT(I13:K13)<2,"",MAX(I13:K13)-MIN(I13:K13))
A14: 10 | B14: 4 | C14: 1 | D14: Justin Jefferson | E14: WR | F14: 6 | G14: MIN | H14: =(IF(I14="",Legend!$B$32,I14)*Legend!$B$23+IF(J14="",Legend!$B$33,J14)*Legend!$B$24+IF(K14="",Legend!$B$34,K14)*Legend!$B$25)/(Legend!$B$23+Legend!$B$24+Legend!$B$25) | I14: 12 | J14: 8 | K14: 8 | L14: =IF(COUNT(I14:K14)<2,"",MAX(I14:K14)-MIN(I14:K14))
A15: 11 | B15: 5 | C15: 3 | D15: James Cook III | E15: RB | F15: 5 | G15: BUF | H15: =(IF(I15="",Legend!$B$32,I15)*Legend!$B$23+IF(J15="",Legend!$B$33,J15)*Legend!$B$24+IF(K15="",Legend!$B$34,K15)*Legend!$B$25)/(Legend!$B$23+Legend!$B$24+Legend!$B$25) | I15: 15 | J15: 13 | K15: 14 | L15: =IF(COUNT(I15:K15)<2,"",MAX(I15:K15)-MIN(I15:K15))
A16: 12 | B16: 5 | C16: 2 | D16: Nico Collins | E16: WR | F16: 7 | G16: HOU | H16: =(IF(I16="",Legend!$B$32,I16)*Legend!$B$23+IF(J16="",Legend!$B$33,J16)*Legend!$B$24+IF(K16="",Legend!$B$34,K16)*Legend!$B$25)/(Legend!$B$23+Legend!$B$24+Legend!$B$25) | I16: 13 | J16: 17 | K16: 13 | L16: =IF(COUNT(I16:K16)<2,"",MAX(I16:K16)-MIN(I16:K16))
... A242: 238 | B242: 45 | C242: 23 | D242: Cyrus Allen | E242: WR | F242: 83 | G242: KC | H242: =(IF(I242="",Legend!$B$32,I242)*Legend!$B$23+IF(J242="",Legend!$B$33,J242)*Legend!$B$24+IF(K242="",Legend!$B$34,K242)*Legend!$B$25)/(Legend!$B$23+Legend!$B$24+Legend!$B$25) | I242: 221 | J242: 165 | K242: 284 | L242: =IF(COUNT(I242:K242)<2,"",MAX(I242:K242)-MIN(I242:K242))
A243: 239 | B243: 45 | C243: 19 | D243: Nicholas Singleton | E243: RB | F243: 66 | G243: TEN | H243: =(IF(I243="",Legend!$B$32,I243)*Legend!$B$23+IF(J243="",Legend!$B$33,J243)*Legend!$B$24+IF(K243="",Legend!$B$34,K243)*Legend!$B$25)/(Legend!$B$23+Legend!$B$24+Legend!$B$25) | J243: 232 | K243: 204 | L243: =IF(COUNT(I243:K243)<2,"",MAX(I243:K243)-MIN(I243:K243))
A244: 240 | B244: 45 | C244: 23 | D244: Isaac TeSlaa | E244: WR | F244: 84 | G244: DET | H244: =(IF(I244="",Legend!$B$32,I244)*Legend!$B$23+IF(J244="",Legend!$B$33,J244)*Legend!$B$24+IF(K244="",Legend!$B$34,K244)*Legend!$B$25)/(Legend!$B$23+Legend!$B$24+Legend!$B$25) | I244: 284 | J244: 245 | K244: 215 | L244: =IF(COUNT(I244:K244)<2,"",MAX(I244:K244)-MIN(I244:K244))
A245: 241 | B245: 46 | C245: 15 | D245: Evan Engram | E245: TE | F245: 30 | G245: DEN | H245: =(IF(I245="",Legend!$B$32,I245)*Legend!$B$23+IF(J245="",Legend!$B$33,J245)*Legend!$B$24+IF(K245="",Legend!$B$34,K245)*Legend!$B$25)/(Legend!$B$23+Legend!$B$24+Legend!$B$25) | I245: 236 | J245: 259 | K245: 239 | L245: =IF(COUNT(I245:K245)<2,"",MAX(I245:K245)-MIN(I245:K245))
A246: 242 | B246: 46 | C246: 24 | D246: Germie Bernard | E246: WR | F246: 85 | G246: PIT | H246: =(IF(I246="",Legend!$B$32,I246)*Legend!$B$23+IF(J246="",Legend!$B$33,J246)*Legend!$B$24+IF(K246="",Legend!$B$34,K246)*Legend!$B$25)/(Legend!$B$23+Legend!$B$24+Legend!$B$25) | I246: 246 | J246: 267 | K246: 230 | L246: =IF(COUNT(I246:K246)<2,"",MAX(I246:K246)-MIN(I246:K246))
A247: 243 | B247: 46 | C247: 19 | D247: Emanuel Wilson | E247: RB | F247: 67 | G247: SEA | H247: =(IF(I247="",Legend!$B$32,I247)*Legend!$B$23+IF(J247="",Legend!$B$33,J247)*Legend!$B$24+IF(K247="",Legend!$B$34,K247)*Legend!$B$25)/(Legend!$B$23+Legend!$B$24+Legend!$B$25) | I247: 296 | J247: 233 | K247: 223 | L247: =IF(COUNT(I247:K247)<2,"",MAX(I247:K247)-MIN(I247:K247))
A248: 244 | B248: 46 | C248: 24 | D248: Zachariah Branch | E248: WR | F248: 86 | G248: ATL | H248: =(IF(I248="",Legend!$B$32,I248)*Legend!$B$23+IF(J248="",Legend!$B$33,J248)*Legend!$B$24+IF(K248="",Legend!$B$34,K248)*Legend!$B$25)/(Legend!$B$23+Legend!$B$24+Legend!$B$25) | I248: 283 | J248: 231 | K248: 234 | L248: =IF(COUNT(I248:K248)<2,"",MAX(I248:K248)-MIN(I248:K248))
A249: 245 | B249: 46 | C249: 19 | D249: Jaydon Blue | E249: RB | F249: 68 | G249: DAL | H249: =(IF(I249="",Legend!$B$32,I249)*Legend!$B$23+IF(J249="",Legend!$B$33,J249)*Legend!$B$24+IF(K249="",Legend!$B$34,K249)*Legend!$B$25)/(Legend!$B$23+Legend!$B$24+Legend!$B$25) | I249: 249 | J249: 294 | K249: 222 | L249: =IF(COUNT(I249:K249)<2,"",MAX(I249:K249)-MIN(I249:K249))
A250: 246 | B250: 46 | C250: 15 | D250: Colby Parkinson | E250: TE | F250: 31 | G250: LAR | H250: =(IF(I250="",Legend!$B$32,I250)*Legend!$B$23+IF(J250="",Legend!$B$33,J250)*Legend!$B$24+IF(K250="",Legend!$B$34,K250)*Legend!$B$25)/(Legend!$B$23+Legend!$B$24+Legend!$B$25) | I250: 214 | J250: 257 | K250: 260 | L250: =IF(COUNT(I250:K250)<2,"",MAX(I250:K250)-MIN(I250:K250))
A251: 247 | B251: 46 | C251: 24 | D251: Cooper Kupp | E251: WR | F251: 87 | G251: SEA | H251: =(IF(I251="",Legend!$B$32,I251)*Legend!$B$23+IF(J251="",Legend!$B$33,J251)*Legend!$B$24+IF(K251="",Legend!$B$34,K251)*Legend!$B$25)/(Legend!$B$23+Legend!$B$24+Legend!$B$25) | I251: 287 | J251: 263 | K251: 221 | L251: =IF(COUNT(I251:K251)<2,"",MAX(I251:K251)-MIN(I251:K251))
A252: 248 | B252: 46 | C252: 24 | D252: Jack Bech | E252: WR | F252: 88 | G252: LV | H252: =(IF(I252="",Legend!$B$32,I252)*Legend!$B$23+IF(J252="",Legend!$B$33,J252)*Legend!$B$24+IF(K252="",Legend!$B$34,K252)*Legend!$B$25)/(Legend!$B$23+Legend!$B$24+Legend!$B$25) | I252: 295 | J252: 223 | K252: 238 | L252: =IF(COUNT(I252:K252)<2,"",MAX(I252:K252)-MIN(I252:K252))
A253: 249 | B253: 46 | C253: 24 | D253: Keon Coleman | E253: WR | F253: 89 | G253: BUF | H253: =(IF(I253="",Legend!$B$32,I253)*Legend!$B$23+IF(J253="",Legend!$B$33,J253)*Legend!$B$24+IF(K253="",Legend!$B$34,K253)*Legend!$B$25)/(Legend!$B$23+Legend!$B$24+Legend!$B$25) | I253: 224 | J253: 275 | K253: 249 | L253: =IF(COUNT(I253:K253)<2,"",MAX(I253:K253)-MIN(I253:K253))
A254: 250 | B254: 46 | C254: 5 | D254: Wil Lutz | E254: K | F254: 17 | G254: DEN | H254: =(IF(I254="",Legend!$B$32,I254)*Legend!$B$23+IF(J254="",Legend!$B$33,J254)*Legend!$B$24+IF(K254="",Legend!$B$34,K254)*Legend!$B$25)/(Legend!$B$23+Legend!$B$24+Legend!$B$25) | I254: 174 | J254: 280 | K254: 272 | L254: =IF(COUNT(I254:K254)<2,"",MAX(I254:K254)-MIN(I254:K254))
A255: 251 | B255: 47 | C255: 25 | D255: Troy Franklin | E255: WR | F255: 90 | G255: DEN | H255: =(IF(I255="",Legend!$B$32,I255)*Legend!$B$23+IF(J255="",Legend!$B$33,J255)*Legend!$B$24+IF(K255="",Legend!$B$34,K255)*Legend!$B$25)/(Legend!$B$23+Legend!$B$24+Legend!$B$25) | J255: 260 | K255: 216 | L255: =IF(COUNT(I255:K255)<2,"",MAX(I255:K255)-MIN(I255:K255))
A256: 252 | B256: 47 | C256: 25 | D256: Antonio Williams | E256: WR | F256: 91 | G256: WAS | H256: =(IF(I256="",Legend!$B$32,I256)*Legend!$B$23+IF(J256="",Legend!$B$33,J256)*Legend!$B$24+IF(K256="",Legend!$B$34,K256)*Legend!$B$25)/(Legend!$B$23+Legend!$B$24+Legend!$B$25) | I256: 299 | J256: 243 | K256: 235 | L256: =IF(COUNT(I256:K256)<2,"",MAX(I256:K256)-MIN(I256:K256))
A257: 253 | B257: 47 | C257: 5 | D257: Cleveland Browns | E257: DST | F257: 16 | G257: CLE | H257: =(IF(I257="",Legend!$B$32,I257)*Legend!$B$23+IF(J257="",Legend!$B$33,J257)*Legend!$B$24+IF(K257="",Legend!$B$34,K257)*Legend!$B$25)/(Legend!$B$23+Legend!$B$24+Legend!$B$25) | I257: 239 | J257: 302 | K257: 236 | L257: =IF(COUNT(I257:K257)<2,"",MAX(I257:K257)-MIN(I257:K257))
A258: 254 | B258: 47 | C258: 25 | D258: Darnell Mooney | E258: WR | F258: 92 | G258: NYG | H258: =(IF(I258="",Legend!$B$32,I258)*Legend!$B$23+IF(J258="",Legend!$B$33,J258)*Legend!$B$24+IF(K258="",Legend!$B$34,K258)*Legend!$B$25)/(Legend!$B$23+Legend!$B$24+Legend!$B$25) | J258: 265 | K258: 217 | L258: =IF(COUNT(I258:K258)<2,"",MAX(I258:K258)-MIN(I258:K258))
A259: 255 | B259: 47 | C259: 15 | D259: David Njoku | E259: TE | F259: 32 | G259: LAC | H259: =(IF(I259="",Legend!$B$32,I259)*Legend!$B$23+IF(J259="",Legend!$B$33,J259)*Legend!$B$24+IF(K259="",Legend!$B$34,K259)*Legend!$B$25)/(Legend!$B$23+Legend!$B$24+Legend!$B$25) | I259: 282 | J259: 254 | K259: 241 | L259: =IF(COUNT(I259:K259)<2,"",MAX(I259:K259)-MIN(I259:K259))
A260: 256 | B260: 47 | C260: 20 | D260: Ollie Gordon II | E260: RB | F260: 69 | G260: MIA | H260: =(IF(I260="",Legend!$B$32,I260)*Legend!$B$23+IF(J260="",Legend!$B$33,J260)*Legend!$B$24+IF(K260="",Legend!$B$34,K260)*Legend!$B$25)/(Legend!$B$23+Legend!$B$24+Legend!$B$25) | I260: 301 | J260: 230 | K260: 244 | L260: =IF(COUNT(I260:K260)<2,"",MAX(I260:K260)-MIN(I260:K260))
A261: 257 | B261: 47 | C261: 20 | D261: Samaje Perine | E261: RB | F261: 70 | G261: CIN | H261: =(IF(I261="",Legend!$B$32,I261)*Legend!$B$23+IF(J261="",Legend!$B$33,J261)*Legend!$B$24+IF(K261="",Legend!$B$34,K261)*Legend!$B$25)/(Legend!$B$23+Legend!$B$24+Legend!$B$25) | I261: 199 | J261: 282 | K261: 269 | L261: =IF(COUNT(I261:K261)<2,"",MAX(I261:K261)-MIN(I261:K261))
A262: 258 | B262: 47 | C262: 25 | D262: Ted Hurst III | E262: WR | F262: 93 | G262: TB | H262: =(IF(I262="",Legend!$B$32,I262)*Legend!$B$23+IF(J262="",Legend!$B$33,J262)*Legend!$B$24+IF(K262="",Legend!$B$34,K262)*Legend!$B$25)/(Legend!$B$23+Legend!$B$24+Legend!$B$25) | I262: 294 | J262: 222 | K262: 254 | L262: =IF(COUNT(I262:K262)<2,"",MAX(I262:K262)-MIN(I262:K262))
A263: 259 | B263: 47 | C263: 19 | D263: Tua Tagovailoa | E263: QB | F263: 31 | G263: ATL | H263: =(IF(I263="",Legend!$B$32,I263)*Legend!$B$23+IF(J263="",Legend!$B$33,J263)*Legend!$B$24+IF(K263="",Legend!$B$34,K263)*Legend!$B$25)/(Legend!$B$23+Legend!$B$24+Legend!$B$25) | I263: 261 | J263: 253 | K263: 258 | L263: =IF(COUNT(I263:K263)<2,"",MAX(I263:K263)-MIN(I263:K263))
A264: 260 | B264: 48 | C264: 21 | D264: Isaiah Davis | E264: RB | F264: 71 | G264: NYJ | H264: =(IF(I264="",Legend!$B$32,I264)*Legend!$B$23+IF(J264="",Legend!$B$33,J264)*Legend!$B$24+IF(K264="",Legend!$B$34,K264)*Legend!$B$25)/(Legend!$B$23+Legend!$B$24+Legend!$B$25) | I264: 293 | J264: 236 | K264: 256 | L264: =IF(COUNT(I264:K264)<2,"",MAX(I264:K264)-MIN(I264:K264))
A265: 261 | B265: 48 | C265: 5 | D265: San Francisco 49ers | E265: DST | F265: 17 | G265: SF | H265: =(IF(I265="",Legend!$B$32,I265)*Legend!$B$23+IF(J265="",Legend!$B$33,J265)*Legend!$B$24+IF(K265="",Legend!$B$34,K265)*Legend!$B$25)/(Legend!$B$23+Legend!$B$24+Legend!$B$25) | I265: 234 | J265: 247 | K265: 280 | L265: =IF(COUNT(I265:K265)<2,"",MAX(I265:K265)-MIN(I265:K265))
A266: 262 | B266: 48 | C266: 21 | D266: George Holani | E266: RB | F266: 72 | G266: SEA | H266: =(IF(I266="",Legend!$B$32,I266)*Legend!$B$23+IF(J266="",Legend!$B$33,J266)*Legend!$B$24+IF(K266="",Legend!$B$34,K266)*Legend!$B$25)/(Legend!$B$23+Legend!$B$24+Legend!$B$25) | I266: 276 | J266: 286 | K266: 243 | L266: =IF(COUNT(I266:K266)<2,"",MAX(I266:K266)-MIN(I266:K266))
A267: 263 | B267: 48 | C267: 26 | D267: Tyquan Thornton | E267: WR | F267: 94 | G267: KC | H267: =(IF(I267="",Legend!$B$32,I267)*Legend!$B$23+IF(J267="",Legend!$B$33,J267)*Legend!$B$24+IF(K267="",Legend!$B$34,K267)*Legend!$B$25)/(Legend!$B$23+Legend!$B$24+Legend!$B$25) | I267: 285 | J267: 224 | K267: 270 | L267: =IF(COUNT(I267:K267)<2,"",MAX(I267:K267)-MIN(I267:K267))
A268: 264 | B268: 48 | C268: 21 | D268: Jaylen Wright | E268: RB | F268: 73 | G268: MIA | H268: =(IF(I268="",Legend!$B$32,I268)*Legend!$B$23+IF(J268="",Legend!$B$33,J268)*Legend!$B$24+IF(K268="",Legend!$B$34,K268)*Legend!$B$25)/(Legend!$B$23+Legend!$B$24+Legend!$B$25) | J268: 261 | K268: 237 | L268: =IF(COUNT(I268:K268)<2,"",MAX(I268:K268)-MIN(I268:K268))
A269: 265 | B269: 48 | C269: 21 | D269: LeQuint Allen Jr. | E269: RB | F269: 74 | G269: JAC | H269: =(IF(I269="",Legend!$B$32,I269)*Legend!$B$23+IF(J269="",Legend!$B$33,J269)*Legend!$B$24+IF(K269="",Legend!$B$34,K269)*Legend!$B$25)/(Legend!$B$23+Legend!$B$24+Legend!$B$25) | I269: 292 | J269: 242 | K269: 264 | L269: =IF(COUNT(I269:K269)<2,"",MAX(I269:K269)-MIN(I269:K269))
A270: 266 | B270: 48 | C270: 5 | D270: New Orleans Saints | E270: DST | F270: 18 | G270: NO | H270: =(IF(I270="",Legend!$B$32,I270)*Legend!$B$23+IF(J270="",Legend!$B$33,J270)*Legend!$B$24+IF(K270="",Legend!$B$34,K270)*Legend!$B$25)/(Legend!$B$23+Legend!$B$24+Legend!$B$25) | I270: 254 | J270: 234 | K270: 291 | L270: =IF(COUNT(I270:K270)<2,"",MAX(I270:K270)-MIN(I270:K270))
A271: 267 | B271: 48 | C271: 21 | D271: Kaelon Black | E271: RB | F271: 75 | G271: SF | H271: =(IF(I271="",Legend!$B$32,I271)*Legend!$B$23+IF(J271="",Legend!$B$33,J271)*Legend!$B$24+IF(K271="",Legend!$B$34,K271)*Legend!$B$25)/(Legend!$B$23+Legend!$B$24+Legend!$B$25) | I271: 273 | J271: 298 | K271: 255 | L271: =IF(COUNT(I271:K271)<2,"",MAX(I271:K271)-MIN(I271:K271))
A272: 268 | B272: 48 | C272: 27 | D272: Chimere Dike | E272: WR | F272: 95 | G272: TEN | H272: =(IF(I272="",Legend!$B$32,I272)*Legend!$B$23+IF(J272="",Legend!$B$33,J272)*Legend!$B$24+IF(K272="",Legend!$B$34,K272)*Legend!$B$25)/(Legend!$B$23+Legend!$B$24+Legend!$B$25) | J272: 270 | K272: 248 | L272: =IF(COUNT(I272:K272)<2,"",MAX(I272:K272)-MIN(I272:K272))
A273: 269 | B273: 48 | C273: 27 | D273: Xavier Legette | E273: WR | F273: 96 | G273: CAR | H273: =(IF(I273="",Legend!$B$32,I273)*Legend!$B$23+IF(J273="",Legend!$B$33,J273)*Legend!$B$24+IF(K273="",Legend!$B$34,K273)*Legend!$B$25)/(Legend!$B$23+Legend!$B$24+Legend!$B$25) | J273: 217 | K273: 276 | L273: =IF(COUNT(I273:K273)<2,"",MAX(I273:K273)-MIN(I273:K273))
A274: 270 | B274: 49 | C274: 27 | D274: Elic Ayomanor | E274: WR | F274: 97 | G274: TEN | H274: =(IF(I274="",Legend!$B$32,I274)*Legend!$B$23+IF(J274="",Legend!$B$33,J274)*Legend!$B$24+IF(K274="",Legend!$B$34,K274)*Legend!$B$25)/(Legend!$B$23+Legend!$B$24+Legend!$B$25) | I274: 300 | J274: 284 | K274: 257 | L274: =IF(COUNT(I274:K274)<2,"",MAX(I274:K274)-MIN(I274:K274))
A275: 271 | B275: 49 | C275: 16 | D275: Mason Taylor | E275: TE | F275: 33 | G275: NYJ | H275: =(IF(I275="",Legend!$B$32,I275)*Legend!$B$23+IF(J275="",Legend!$B$33,J275)*Legend!$B$24+IF(K275="",Legend!$B$34,K275)*Legend!$B$25)/(Legend!$B$23+Legend!$B$24+Legend!$B$25) | I275: 263 | J275: 288 | K275: 275 | L275: =IF(COUNT(I275:K275)<2,"",MAX(I275:K275)-MIN(I275:K275))
A276: 272 | B276: 49 | C276: 20 | D276: Kirk Cousins | E276: QB | F276: 32 | G276: LV | H276: =(IF(I276="",Legend!$B$32,I276)*Legend!$B$23+IF(J276="",Legend!$B$33,J276)*Legend!$B$24+IF(K276="",Legend!$B$34,K276)*Legend!$B$25)/(Legend!$B$23+Legend!$B$24+Legend!$B$25) | I276: 262 | J276: 274 | K276: 283 | L276: =IF(COUNT(I276:K276)<2,"",MAX(I276:K276)-MIN(I276:K276))
A277: 273 | B277: 49 | C277: 27 | D277: Darius Slayton | E277: WR | F277: 98 | G277: NYG | H277: =(IF(I277="",Legend!$B$32,I277)*Legend!$B$23+IF(J277="",Legend!$B$33,J277)*Legend!$B$24+IF(K277="",Legend!$B$34,K277)*Legend!$B$25)/(Legend!$B$23+Legend!$B$24+Legend!$B$25) | I277: 270 | J277: 287 | K277: 273 | L277: =IF(COUNT(I277:K277)<2,"",MAX(I277:K277)-MIN(I277:K277))
A278: 274 | B278: 49 | C278: 22 | D278: Ty Johnson | E278: RB | F278: 76 | G278: BUF | H278: =(IF(I278="",Legend!$B$32,I278)*Legend!$B$23+IF(J278="",Legend!$B$33,J278)*Legend!$B$24+IF(K278="",Legend!$B$34,K278)*Legend!$B$25)/(Legend!$B$23+Legend!$B$24+Legend!$B$25) | J278: 255 | K278: 266 | L278: =IF(COUNT(I278:K278)<2,"",MAX(I278:K278)-MIN(I278:K278))
A279: 275 | B279: 49 | C279: 27 | D279: Elijah Sarratt | E279: WR | F279: 99 | G279: BAL | H279: =(IF(I279="",Legend!$B$32,I279)*Legend!$B$23+IF(J279="",Legend!$B$33,J279)*Legend!$B$24+IF(K279="",Legend!$B$34,K279)*Legend!$B$25)/(Legend!$B$23+Legend!$B$24+Legend!$B$25) | J279: 256 | K279: 267 | L279: =IF(COUNT(I279:K279)<2,"",MAX(I279:K279)-MIN(I279:K279))
A280: 276 | B280: 49 | C280: 22 | D280: DJ Giddens | E280: RB | F280: 77 | G280: IND | H280: =(IF(I280="",Legend!$B$32,I280)*Legend!$B$23+IF(J280="",Legend!$B$33,J280)*Legend!$B$24+IF(K280="",Legend!$B$34,K280)*Legend!$B$25)/(Legend!$B$23+Legend!$B$24+Legend!$B$25) | I280: 289 | J280: 258 | K280: 282 | L280: =IF(COUNT(I280:K280)<2,"",MAX(I280:K280)-MIN(I280:K280))
A281: 277 | B281: 49 | C281: 20 | D281: Deshaun Watson | E281: QB | F281: 33 | G281: CLE | H281: =(IF(I281="",Legend!$B$32,I281)*Legend!$B$23+IF(J281="",Legend!$B$33,J281)*Legend!$B$24+IF(K281="",Legend!$B$34,K281)*Legend!$B$25)/(Legend!$B$23+Legend!$B$24+Legend!$B$25) | I281: 245 | J281: 299 | K281: 285 | L281: =IF(COUNT(I281:K281)<2,"",MAX(I281:K281)-MIN(I281:K281))
A282: 278 | B282: 50 | C282: 22 | D282: Jordan James | E282: RB | F282: 78 | G282: SF | H282: =(IF(I282="",Legend!$B$32,I282)*Legend!$B$23+IF(J282="",Legend!$B$33,J282)*Legend!$B$24+IF(K282="",Legend!$B$34,K282)*Legend!$B$25)/(Legend!$B$23+Legend!$B$24+Legend!$B$25) | I282: 288 | J282: 292 | K282: 271 | L282: =IF(COUNT(I282:K282)<2,"",MAX(I282:K282)-MIN(I282:K282))
A283: 279 | B283: 50 | C283: 28 | D283: Christian Kirk | E283: WR | F283: 100 | G283: SF | H283: =(IF(I283="",Legend!$B$32,I283)*Legend!$B$23+IF(J283="",Legend!$B$33,J283)*Legend!$B$24+IF(K283="",Legend!$B$34,K283)*Legend!$B$25)/(Legend!$B$23+Legend!$B$24+Legend!$B$25) | J283: 271 | K283: 268 | L283: =IF(COUNT(I283:K283)<2,"",MAX(I283:K283)-MIN(I283:K283))
A284: 280 | B284: 50 | C284: 28 | D284: Tory Horton | E284: WR | F284: 101 | G284: SEA | H284: =(IF(I284="",Legend!$B$32,I284)*Legend!$B$23+IF(J284="",Legend!$B$33,J284)*Legend!$B$24+IF(K284="",Legend!$B$34,K284)*Legend!$B$25)/(Legend!$B$23+Legend!$B$24+Legend!$B$25) | J284: 285 | K284: 263 | L284: =IF(COUNT(I284:K284)<2,"",MAX(I284:K284)-MIN(I284:K284))
A285: 281 | B285: 50 | C285: 22 | D285: Demond Claiborne | E285: RB | F285: 79 | G285: MIN | H285: =(IF(I285="",Legend!$B$32,I285)*Legend!$B$23+IF(J285="",Legend!$B$33,J285)*Legend!$B$24+IF(K285="",Legend!$B$34,K285)*Legend!$B$25)/(Legend!$B$23+Legend!$B$24+Legend!$B$25) | J285: 295 | K285: 259 | L285: =IF(COUNT(I285:K285)<2,"",MAX(I285:K285)-MIN(I285:K285))
A286: 282 | B286: 50 | C286: 20 | D286: Michael Penix Jr. | E286: QB | F286: 34 | G286: ATL | H286: =(IF(I286="",Legend!$B$32,I286)*Legend!$B$23+IF(J286="",Legend!$B$33,J286)*Legend!$B$24+IF(K286="",Legend!$B$34,K286)*Legend!$B$25)/(Legend!$B$23+Legend!$B$24+Legend!$B$25) | I286: 277 | J286: 297 | K286: 278 | L286: =IF(COUNT(I286:K286)<2,"",MAX(I286:K286)-MIN(I286:K286))
A287: 283 | B287: 50 | C287: 28 | D287: Treylon Burks | E287: WR | F287: 102 | G287: WAS | H287: =(IF(I287="",Legend!$B$32,I287)*Legend!$B$23+IF(J287="",Legend!$B$33,J287)*Legend!$B$24+IF(K287="",Legend!$B$34,K287)*Legend!$B$25)/(Legend!$B$23+Legend!$B$24+Legend!$B$25) | I287: 266 | J287: 238 | L287: =IF(COUNT(I287:K287)<2,"",MAX(I287:K287)-MIN(I287:K287))
A288: 284 | B288: 50 | C288: 6 | D288: DAL | E288: DST | F288: 19 | G288: DAL | H288: =(IF(I288="",Legend!$B$32,I288)*Legend!$B$23+IF(J288="",Legend!$B$33,J288)*Legend!$B$24+IF(K288="",Legend!$B$34,K288)*Legend!$B$25)/(Legend!$B$23+Legend!$B$24+Legend!$B$25) | I288: 189 | L288: =IF(COUNT(I288:K288)<2,"",MAX(I288:K288)-MIN(I288:K288))
A289: 285 | B289: 50 | C289: 22 | D289: Jarquez Hunter | E289: RB | F289: 80 | G289: LAR | H289: =(IF(I289="",Legend!$B$32,I289)*Legend!$B$23+IF(J289="",Legend!$B$33,J289)*Legend!$B$24+IF(K289="",Legend!$B$34,K289)*Legend!$B$25)/(Legend!$B$23+Legend!$B$24+Legend!$B$25) | I289: 291 | J289: 218 | L289: =IF(COUNT(I289:K289)<2,"",MAX(I289:K289)-MIN(I289:K289))
A290: 286 | B290: 50 | C290: 22 | D290: Chris Brooks | E290: RB | F290: 81 | G290: GB | H290: =(IF(I290="",Legend!$B$32,I290)*Legend!$B$23+IF(J290="",Legend!$B$33,J290)*Legend!$B$24+IF(K290="",Legend!$B$34,K290)*Legend!$B$25)/(Legend!$B$23+Legend!$B$24+Legend!$B$25) | J290: 276 | K290: 274 | L290: =IF(COUNT(I290:K290)<2,"",MAX(I290:K290)-MIN(I290:K290))
A291: 287 | B291: 50 | C291: 6 | D291: Trey Smack | E291: K | F291: 18 | G291: GB | H291: =(IF(I291="",Legend!$B$32,I291)*Legend!$B$23+IF(J291="",Legend!$B$33,J291)*Legend!$B$24+IF(K291="",Legend!$B$34,K291)*Legend!$B$25)/(Legend!$B$23+Legend!$B$24+Legend!$B$25) | I291: 195 | L291: =IF(COUNT(I291:K291)<2,"",MAX(I291:K291)-MIN(I291:K291))
A292: 288 | B292: 50 | C292: 22 | D292: Brashard Smith | E292: RB | F292: 82 | G292: KC | H292: =(IF(I292="",Legend!$B$32,I292)*Legend!$B$23+IF(J292="",Legend!$B$33,J292)*Legend!$B$24+IF(K292="",Legend!$B$34,K292)*Legend!$B$25)/(Legend!$B$23+Legend!$B$24+Legend!$B$25) | J292: 249 | K292: 289 | L292: =IF(COUNT(I292:K292)<2,"",MAX(I292:K292)-MIN(I292:K292))
A293: 289 | B293: 51 | C293: 16 | D293: Theo Johnson | E293: TE | F293: 34 | G293: NYG | H293: =(IF(I293="",Legend!$B$32,I293)*Legend!$B$23+IF(J293="",Legend!$B$33,J293)*Legend!$B$24+IF(K293="",Legend!$B$34,K293)*Legend!$B$25)/(Legend!$B$23+Legend!$B$24+Legend!$B$25) | J293: 279 | K293: 277 | L293: =IF(COUNT(I293:K293)<2,"",MAX(I293:K293)-MIN(I293:K293))
A294: 290 | B294: 51 | C294: 16 | D294: Eli Stowers | E294: TE | F294: 35 | G294: PHI | H294: =(IF(I294="",Legend!$B$32,I294)*Legend!$B$23+IF(J294="",Legend!$B$33,J294)*Legend!$B$24+IF(K294="",Legend!$B$34,K294)*Legend!$B$25)/(Legend!$B$23+Legend!$B$24+Legend!$B$25) | J294: 272 | K294: 281 | L294: =IF(COUNT(I294:K294)<2,"",MAX(I294:K294)-MIN(I294:K294))
A295: 291 | B295: 52 | C295: 16 | D295: Charlie Kolar | E295: TE | F295: 36 | G295: LAC | H295: =(IF(I295="",Legend!$B$32,I295)*Legend!$B$23+IF(J295="",Legend!$B$33,J295)*Legend!$B$24+IF(K295="",Legend!$B$34,K295)*Legend!$B$25)/(Legend!$B$23+Legend!$B$24+Legend!$B$25) | I295: 215 | L295: =IF(COUNT(I295:K295)<2,"",MAX(I295:K295)-MIN(I295:K295))
A296: 292 | B296: 52 | C296: 29 | D296: Marvin Mims Jr. | E296: WR | F296: 103 | G296: DEN | H296: =(IF(I296="",Legend!$B$32,I296)*Legend!$B$23+IF(J296="",Legend!$B$33,J296)*Legend!$B$24+IF(K296="",Legend!$B$34,K296)*Legend!$B$25)/(Legend!$B$23+Legend!$B$24+Legend!$B$25) | J296: 289 | K296: 279 | L296: =IF(COUNT(I296:K296)<2,"",MAX(I296:K296)-MIN(I296:K296))
A297: 293 | B297: 52 | C297: 23 | D297: Emari Demercado | E297: RB | F297: 83 | G297: KC | H297: =(IF(I297="",Legend!$B$32,I297)*Legend!$B$23+IF(J297="",Legend!$B$33,J297)*Legend!$B$24+IF(K297="",Legend!$B$34,K297)*Legend!$B$25)/(Legend!$B$23+Legend!$B$24+Legend!$B$25) | I297: 290 | J297: 281 | K297: 298 | L297: =IF(COUNT(I297:K297)<2,"",MAX(I297:K297)-MIN(I297:K297))
A298: 294 | B298: 52 | C298: 7 | D298: Jake Elliott | E298: K | F298: 19 | G298: PHI | H298: =(IF(I298="",Legend!$B$32,I298)*Legend!$B$23+IF(J298="",Legend!$B$33,J298)*Legend!$B$24+IF(K298="",Legend!$B$34,K298)*Legend!$B$25)/(Legend!$B$23+Legend!$B$24+Legend!$B$25) | I298: 237 | J298: 301 | L298: =IF(COUNT(I298:K298)<2,"",MAX(I298:K298)-MIN(I298:K298))
A299: 295 | B299: 52 | C299: 7 | D299: Atlanta Falcons | E299: DST | F299: 20 | G299: ATL | H299: =(IF(I299="",Legend!$B$32,I299)*Legend!$B$23+IF(J299="",Legend!$B$33,J299)*Legend!$B$24+IF(K299="",Legend!$B$34,K299)*Legend!$B$25)/(Legend!$B$23+Legend!$B$24+Legend!$B$25) | J299: 277 | K299: 288 | L299: =IF(COUNT(I299:K299)<2,"",MAX(I299:K299)-MIN(I299:K299))
A300: 296 | B300: 53 | C300: 23 | D300: Seth McGowan | E300: RB | F300: 84 | G300: IND | H300: =(IF(I300="",Legend!$B$32,I300)*Legend!$B$23+IF(J300="",Legend!$B$33,J300)*Legend!$B$24+IF(K300="",Legend!$B$34,K300)*Legend!$B$25)/(Legend!$B$23+Legend!$B$24+Legend!$B$25) | I300: 272 | K300: 293 | L300: =IF(COUNT(I300:K300)<2,"",MAX(I300:K300)-MIN(I300:K300))
A301: 297 | B301: 53 | C301: 23 | D301: Devin Singletary | E301: RB | F301: 85 | G301: NYG | H301: =(IF(I301="",Legend!$B$32,I301)*Legend!$B$23+IF(J301="",Legend!$B$33,J301)*Legend!$B$24+IF(K301="",Legend!$B$34,K301)*Legend!$B$25)/(Legend!$B$23+Legend!$B$24+Legend!$B$25) | J301: 269 | K301: 296 | L301: =IF(COUNT(I301:K301)<2,"",MAX(I301:K301)-MIN(I301:K301))
A302: 298 | B302: 53 | C302: 7 | D302: CIN | E302: DST | F302: 21 | G302: CIN | H302: =(IF(I302="",Legend!$B$32,I302)*Legend!$B$23+IF(J302="",Legend!$B$33,J302)*Legend!$B$24+IF(K302="",Legend!$B$34,K302)*Legend!$B$25)/(Legend!$B$23+Legend!$B$24+Legend!$B$25) | I302: 231 | L302: =IF(COUNT(I302:K302)<2,"",MAX(I302:K302)-MIN(I302:K302))
A303: 299 | B303: 53 | C303: 23 | D303: Trey Benson | E303: RB | F303: 86 | G303: FA | H303: =(IF(I303="",Legend!$B$32,I303)*Legend!$B$23+IF(J303="",Legend!$B$33,J303)*Legend!$B$24+IF(K303="",Legend!$B$34,K303)*Legend!$B$25)/(Legend!$B$23+Legend!$B$24+Legend!$B$25) | J303: 290 | K303: 286 | L303: =IF(COUNT(I303:K303)<2,"",MAX(I303:K303)-MIN(I303:K303))
A304: 300 | B304: 53 | C304: 7 | D304: TB | E304: DST | F304: 22 | G304: TB | H304: =(IF(I304="",Legend!$B$32,I304)*Legend!$B$23+IF(J304="",Legend!$B$33,J304)*Legend!$B$24+IF(K304="",Legend!$B$34,K304)*Legend!$B$25)/(Legend!$B$23+Legend!$B$24+Legend!$B$25) | I304: 232 | L304: =IF(COUNT(I304:K304)<2,"",MAX(I304:K304)-MIN(I304:K304))
A305: 301 | B305: 53 | C305: 7 | D305: NYG | E305: DST | F305: 23 | G305: NYG | H305: =(IF(I305="",Legend!$B$32,I305)*Legend!$B$23+IF(J305="",Legend!$B$33,J305)*Legend!$B$24+IF(K305="",Legend!$B$34,K305)*Legend!$B$25)/(Legend!$B$23+Legend!$B$24+Legend!$B$25) | I305: 233 | L305: =IF(COUNT(I305:K305)<2,"",MAX(I305:K305)-MIN(I305:K305))
A306: 302 | B306: 53 | C306: 8 | D306: Blake Grupe | E306: K | F306: 20 | G306: IND | H306: =(IF(I306="",Legend!$B$32,I306)*Legend!$B$23+IF(J306="",Legend!$B$33,J306)*Legend!$B$24+IF(K306="",Legend!$B$34,K306)*Legend!$B$25)/(Legend!$B$23+Legend!$B$24+Legend!$B$25) | I306: 238 | L306: =IF(COUNT(I306:K306)<2,"",MAX(I306:K306)-MIN(I306:K306))
A307: 303 | B307: 53 | C307: 7 | D307: TEN | E307: DST | F307: 24 | G307: TEN | H307: =(IF(I307="",Legend!$B$32,I307)*Legend!$B$23+IF(J307="",Legend!$B$33,J307)*Legend!$B$24+IF(K307="",Legend!$B$34,K307)*Legend!$B$25)/(Legend!$B$23+Legend!$B$24+Legend!$B$25) | I307: 240 | L307: =IF(COUNT(I307:K307)<2,"",MAX(I307:K307)-MIN(I307:K307))
A308: 304 | B308: 53 | C308: 23 | D308: Kaleb Johnson | E308: RB | F308: 87 | G308: PIT | H308: =(IF(I308="",Legend!$B$32,I308)*Legend!$B$23+IF(J308="",Legend!$B$33,J308)*Legend!$B$24+IF(K308="",Legend!$B$34,K308)*Legend!$B$25)/(Legend!$B$23+Legend!$B$24+Legend!$B$25) | J308: 273 | K308: 300 | L308: =IF(COUNT(I308:K308)<2,"",MAX(I308:K308)-MIN(I308:K308))
A309: 305 | B309: 53 | C309: 20 | D309: Shedeur Sanders | E309: QB | F309: 35 | G309: CLE | H309: =(IF(I309="",Legend!$B$32,I309)*Legend!$B$23+IF(J309="",Legend!$B$33,J309)*Legend!$B$24+IF(K309="",Legend!$B$34,K309)*Legend!$B$25)/(Legend!$B$23+Legend!$B$24+Legend!$B$25) | J309: 300 | K309: 287 | L309: =IF(COUNT(I309:K309)<2,"",MAX(I309:K309)-MIN(I309:K309))
A310: 306 | B310: 54 | C310: 9 | D310: Charlie Smyth | E310: K | F310: 21 | G310: NO | H310: =(IF(I310="",Legend!$B$32,I310)*Legend!$B$23+IF(J310="",Legend!$B$33,J310)*Legend!$B$24+IF(K310="",Legend!$B$34,K310)*Legend!$B$25)/(Legend!$B$23+Legend!$B$24+Legend!$B$25) | I310: 251 | L310: =IF(COUNT(I310:K310)<2,"",MAX(I310:K310)-MIN(I310:K310))
A311: 307 | B311: 54 | C311: 9 | D311: Tyler Bass | E311: K | F311: 22 | G311: BUF | H311: =(IF(I311="",Legend!$B$32,I311)*Legend!$B$23+IF(J311="",Legend!$B$33,J311)*Legend!$B$24+IF(K311="",Legend!$B$34,K311)*Legend!$B$25)/(Legend!$B$23+Legend!$B$24+Legend!$B$25) | I311: 252 | L311: =IF(COUNT(I311:K311)<2,"",MAX(I311:K311)-MIN(I311:K311))
A312: 308 | B312: 54 | C312: 9 | D312: Nick Folk | E312: K | F312: 23 | G312: ATL | H312: =(IF(I312="",Legend!$B$32,I312)*Legend!$B$23+IF(J312="",Legend!$B$33,J312)*Legend!$B$24+IF(K312="",Legend!$B$34,K312)*Legend!$B$25)/(Legend!$B$23+Legend!$B$24+Legend!$B$25) | I312: 253 | L312: =IF(COUNT(I312:K312)<2,"",MAX(I312:K312)-MIN(I312:K312))
A313: 309 | B313: 54 | C313: 24 | D313: Adam Randall | E313: RB | F313: 88 | G313: BAL | H313: =(IF(I313="",Legend!$B$32,I313)*Legend!$B$23+IF(J313="",Legend!$B$33,J313)*Legend!$B$24+IF(K313="",Legend!$B$34,K313)*Legend!$B$25)/(Legend!$B$23+Legend!$B$24+Legend!$B$25) | J313: 296 | K313: 295 | L313: =IF(COUNT(I313:K313)<2,"",MAX(I313:K313)-MIN(I313:K313))
A314: 310 | B314: 54 | C314: 7 | D314: IND | E314: DST | F314: 25 | G314: IND | H314: =(IF(I314="",Legend!$B$32,I314)*Legend!$B$23+IF(J314="",Legend!$B$33,J314)*Legend!$B$24+IF(K314="",Legend!$B$34,K314)*Legend!$B$25)/(Legend!$B$23+Legend!$B$24+Legend!$B$25) | I314: 255 | L314: =IF(COUNT(I314:K314)<2,"",MAX(I314:K314)-MIN(I314:K314))
A315: 311 | B315: 54 | C315: 9 | D315: Zane Gonzalez | E315: K | F315: 24 | G315: FA | H315: =(IF(I315="",Legend!$B$32,I315)*Legend!$B$23+IF(J315="",Legend!$B$33,J315)*Legend!$B$24+IF(K315="",Legend!$B$34,K315)*Legend!$B$25)/(Legend!$B$23+Legend!$B$24+Legend!$B$25) | I315: 256 | L315: =IF(COUNT(I315:K315)<2,"",MAX(I315:K315)-MIN(I315:K315))
A316: 312 | B316: 54 | C316: 9 | D316: Ryan Fitzgerald | E316: K | F316: 25 | G316: CAR | H316: =(IF(I316="",Legend!$B$32,I316)*Legend!$B$23+IF(J316="",Legend!$B$33,J316)*Legend!$B$24+IF(K316="",Legend!$B$34,K316)*Legend!$B$25)/(Legend!$B$23+Legend!$B$24+Legend!$B$25) | I316: 257 | L316: =IF(COUNT(I316:K316)<2,"",MAX(I316:K316)-MIN(I316:K316))
A317: 313 | B317: 54 | C317: 9 | D317: Spencer Shrader | E317: K | F317: 26 | G317: IND | H317: =(IF(I317="",Legend!$B$32,I317)*Legend!$B$23+IF(J317="",Legend!$B$33,J317)*Legend!$B$24+IF(K317="",Legend!$B$34,K317)*Legend!$B$25)/(Legend!$B$23+Legend!$B$24+Legend!$B$25) | I317: 258 | L317: =IF(COUNT(I317:K317)<2,"",MAX(I317:K317)-MIN(I317:K317))
A318: 314 | B318: 54 | C318: 9 | D318: Ben Sauls | E318: K | F318: 27 | G318: NYG | H318: =(IF(I318="",Legend!$B$32,I318)*Legend!$B$23+IF(J318="",Legend!$B$33,J318)*Legend!$B$24+IF(K318="",Legend!$B$34,K318)*Legend!$B$25)/(Legend!$B$23+Legend!$B$24+Legend!$B$25) | I318: 259 | L318: =IF(COUNT(I318:K318)<2,"",MAX(I318:K318)-MIN(I318:K318))
A319: 315 | B319: 55 | C319: 24 | D319: Tahj Brooks | E319: RB | F319: 89 | G319: CIN | H319: =(IF(I319="",Legend!$B$32,I319)*Legend!$B$23+IF(J319="",Legend!$B$33,J319)*Legend!$B$24+IF(K319="",Legend!$B$34,K319)*Legend!$B$25)/(Legend!$B$23+Legend!$B$24+Legend!$B$25) | J319: 264 | L319: =IF(COUNT(I319:K319)<2,"",MAX(I319:K319)-MIN(I319:K319))
A320: 316 | B320: 55 | C320: 17 | D320: Mike Gesicki | E320: TE | F320: 37 | G320: CIN | H320: =(IF(I320="",Legend!$B$32,I320)*Legend!$B$23+IF(J320="",Legend!$B$33,J320)*Legend!$B$24+IF(K320="",Legend!$B$34,K320)*Legend!$B$25)/(Legend!$B$23+Legend!$B$24+Legend!$B$25) | I320: 265 | L320: =IF(COUNT(I320:K320)<2,"",MAX(I320:K320)-MIN(I320:K320))
A321: 317 | B321: 55 | C321: 17 | D321: Oscar Delp | E321: TE | F321: 38 | G321: NO | H321: =(IF(I321="",Legend!$B$32,I321)*Legend!$B$23+IF(J321="",Legend!$B$33,J321)*Legend!$B$24+IF(K321="",Legend!$B$34,K321)*Legend!$B$25)/(Legend!$B$23+Legend!$B$24+Legend!$B$25) | J321: 266 | L321: =IF(COUNT(I321:K321)<2,"",MAX(I321:K321)-MIN(I321:K321))
A322: 318 | B322: 55 | C322: 24 | D322: Devin Neal | E322: RB | F322: 90 | G322: NO | H322: =(IF(I322="",Legend!$B$32,I322)*Legend!$B$23+IF(J322="",Legend!$B$33,J322)*Legend!$B$24+IF(K322="",Legend!$B$34,K322)*Legend!$B$25)/(Legend!$B$23+Legend!$B$24+Legend!$B$25) | K322: 290 | L322: =IF(COUNT(I322:K322)<2,"",MAX(I322:K322)-MIN(I322:K322))
A323: 319 | B323: 55 | C323: 30 | D323: Jahan Dotson | E323: WR | F323: 104 | G323: ATL | H323: =(IF(I323="",Legend!$B$32,I323)*Legend!$B$23+IF(J323="",Legend!$B$33,J323)*Legend!$B$24+IF(K323="",Legend!$B$34,K323)*Legend!$B$25)/(Legend!$B$23+Legend!$B$24+Legend!$B$25) | I323: 267 | L323: =IF(COUNT(I323:K323)<2,"",MAX(I323:K323)-MIN(I323:K323))
A324: 320 | B324: 55 | C324: 30 | D324: Andrei Iosivas | E324: WR | F324: 105 | G324: CIN | H324: =(IF(I324="",Legend!$B$32,I324)*Legend!$B$23+IF(J324="",Legend!$B$33,J324)*Legend!$B$24+IF(K324="",Legend!$B$34,K324)*Legend!$B$25)/(Legend!$B$23+Legend!$B$24+Legend!$B$25) | I324: 268 | L324: =IF(COUNT(I324:K324)<2,"",MAX(I324:K324)-MIN(I324:K324))
A325: 321 | B325: 55 | C325: 24 | D325: Malik Davis | E325: RB | F325: 91 | G325: DAL | H325: =(IF(I325="",Legend!$B$32,I325)*Legend!$B$23+IF(J325="",Legend!$B$33,J325)*Legend!$B$24+IF(K325="",Legend!$B$34,K325)*Legend!$B$25)/(Legend!$B$23+Legend!$B$24+Legend!$B$25) | K325: 292 | L325: =IF(COUNT(I325:K325)<2,"",MAX(I325:K325)-MIN(I325:K325))
A326: 322 | B326: 56 | C326: 24 | D326: Kendre Miller | E326: RB | F326: 92 | G326: NO | H326: =(IF(I326="",Legend!$B$32,I326)*Legend!$B$23+IF(J326="",Legend!$B$33,J326)*Legend!$B$24+IF(K326="",Legend!$B$34,K326)*Legend!$B$25)/(Legend!$B$23+Legend!$B$24+Legend!$B$25) | K326: 294 | L326: =IF(COUNT(I326:K326)<2,"",MAX(I326:K326)-MIN(I326:K326))
...
